date,equalw_nav,equalw_alpha_nav,altw_nav,altw_alpha_nav,benchmark_nav
2023-11-01,1.0,1.0,1.0,1.0,1.0
2023-11-02,0.9951535087007507,0.9954433415073844,0.9948176433546307,0.9951746492304885,0.9953667953667954
2023-11-03,1.008224229496605,1.0085437393930978,1.0070269114761425,1.0075858849767279,1.003088803088803
2023-11-06,1.011941659274982,1.0117120790825262,1.011893194304975,1.011673307106521,1.0162162162162163
2023-11-07,1.012152271346345,1.0118219083657518,1.012371804404504,1.0119975348122792,1.0131274131274133
2023-11-08,1.0105769310632169,1.0096409837068505,1.0109217549162608,1.0099168427892857,1.01003861003861
2023-11-09,1.0107320720839492,1.0101240847717998,1.0107839656175241,1.0101655995986596,1.010810810810811
2023-11-10,1.0054944895689435,1.0047787459797963,1.0056660462242437,1.0049159913040362,1.003088803088803
2023-11-13,1.0109829765665825,1.0102229275109995,1.0112325000867226,1.0104225463271113,1.0023166023166024
2023-11-14,1.0127280334104247,1.0119402892331222,1.0132011134848353,1.0123187532926503,1.0023166023166024
2023-11-15,1.0189062100287054,1.018155811630769,1.019416608571424,1.0185641304649435,1.01003861003861
2023-11-16,1.010695061171552,1.0103856372121263,1.0108754612406732,1.0105299572674231,1.0
2023-11-17,1.011229769877347,1.010294859017717,1.0119250382985738,1.0108510737546985,0.9984555984555985
2023-11-20,1.0149484447936161,1.0138707784020708,1.0151440304535138,1.0140272469299887,1.0
2023-11-21,1.0139747803123536,1.0140025171662788,1.0140677536676257,1.0140768958504962,1.0015444015444015
2023-11-22,1.0043785917031767,1.0046323264589956,1.003898281753485,1.004248078499242,0.9915057915057915
2023-11-23,1.0095622887483922,1.0093851714580138,1.0095416804673885,1.0093686848332106,0.9961389961389963
2023-11-24,1.001782248838131,1.001941138563061,1.0015965907947795,1.0017926121283798,0.98996138996139
2023-11-27,0.9993777670692804,0.9991916739143567,0.9995166678265457,0.9993027945201687,0.9837837837837838
2023-11-28,1.000292840369962,0.9999696701075605,1.0003879609149815,1.0000457665435758,0.9845559845559846
2023-11-29,0.9952301708983049,0.9946019082379867,0.9955060219783084,0.9948225891019892,0.9768339768339768
2023-11-30,0.9942772865187252,0.9934847724128191,0.9942607647932882,0.9934715550324693,0.9783783783783784
2023-12-01,0.9953220702980036,0.9942864807032054,0.9956317440644181,0.9945342197163369,0.9745173745173745
2023-12-04,0.995205359899666,0.9942773481060461,0.9956129678366148,0.9946034344556051,0.9683397683397684
2023-12-05,0.9774387632706204,0.9767637289098777,0.9778402700509219,0.9770849343341187,0.9498069498069498
2023-12-06,0.9809420775858835,0.9802538683042796,0.9817457708592013,0.9808968229229336,0.9505791505791507
2023-12-07,0.9783765432246797,0.9780234724477037,0.9791410361966109,0.9786350668252484,0.9482625482625483
2023-12-08,0.9773925842196451,0.977308034028268,0.9781154094685949,0.9778862942274277,0.9505791505791507
2023-12-11,0.9857830868103261,0.9854616583579583,0.9866351998615844,0.9861433487989645,0.9567567567567569
2023-12-12,0.9862436334387781,0.9854378886500289,0.9866926192763914,0.9857970773201192,0.9590733590733591
2023-12-13,0.9762598151024265,0.9754021858426165,0.9764947846070287,0.9755901614462978,0.9444015444015446
2023-12-15,0.9716151733877345,0.9709015631044209,0.9717314943222274,0.9709946198520149,0.9374517374517375
2023-12-18,0.96416917716985,0.9635988394182194,0.9633561140344586,0.9629483889099061,0.9335907335907337
2023-12-19,0.966031706780245,0.9654138473594992,0.9655939219397801,0.9650636194871272,0.9335907335907337
2023-12-20,0.9588773800102627,0.9585944736081955,0.9588719498552506,0.9585901294841855,0.9243243243243244
2023-12-21,0.9627888421196581,0.9616716685589647,0.9630026768758929,0.9618427363639523,0.9335907335907337
2023-12-22,0.9607276337211414,0.9601756262109972,0.9610866014521069,0.9604628003957694,0.9351351351351352
2023-12-25,0.9614628074849064,0.9613073000954214,0.9619572101756267,0.9617028222479973,0.9382239382239383
2023-12-26,0.9530190379548771,0.9531334745126023,0.9535775379303006,0.9535802744929412,0.9328185328185329
2023-12-27,0.9616369555501196,0.9612098510301457,0.9622765217350991,0.9617215039781294,0.9351351351351352
2023-12-28,0.9748272839145182,0.9741685431426812,0.975392128211042,0.9746204185799,0.9590733590733591
2023-12-29,0.9906264251776009,0.9909259678702796,0.9897510195089732,0.9902256433353773,0.9606177606177607
2024-01-02,0.9805867358333102,0.9802509852158721,0.9814062294646151,0.9809065801209155,0.9482625482625483
2024-01-03,0.9765751343388658,0.9764207794940942,0.977253831178991,0.9769637369661942,0.945945945945946
2024-01-04,0.9731896736148491,0.9730478619040264,0.9734933993248693,0.9732908424720425,0.9374517374517375
2024-01-05,0.9671554189793313,0.9679448603502401,0.9675433483144933,0.9682552038183696,0.9328185328185329
2024-01-08,0.9496876776595053,0.9499949643363572,0.9497937947247083,0.9500798579885195,0.9204633204633205
2024-01-09,0.9527149976155348,0.9530238058280736,0.95293232024167,0.9531976639289816,0.9212355212355213
2024-01-10,0.9467835708101525,0.9475473759894293,0.9468109583444722,0.9475692860168851,0.9166023166023167
2024-01-11,0.9536104060323678,0.9540878723780891,0.9541864604891159,0.9545487159434874,0.9235521235521236
2024-01-12,0.9526793036909444,0.9536407701113054,0.9531748627747871,0.9540372173783797,0.9196911196911198
2024-01-15,0.9525728962874906,0.9536030336602971,0.9531260083653882,0.9540455233226152,0.9196911196911198
2024-01-16,0.9530830192813181,0.9540323149288176,0.9536460355629,0.954482727954083,0.9250965250965251
2024-01-17,0.9379714113653594,0.9397666200179411,0.9383289474892255,0.9400526489170338,0.905019305019305
2024-01-19,0.9350459285335022,0.9365735513357565,0.9356900103526071,0.9370888167910406,0.9142857142857143
2024-01-22,0.9061833704159548,0.9081800961314275,0.9062243513980355,0.9082128809170921,0.905019305019305
2024-01-23,0.9076829000627077,0.9092176121291711,0.9075438971404374,0.9091064097913549,0.905019305019305
2024-01-24,0.9213702762541794,0.9230185150773763,0.9209607028720352,0.9226908563716609,0.9173745173745174
2024-01-25,0.949632801737715,0.9510401156166555,0.949340393323929,0.9508061888856267,0.9382239382239383
2024-01-26,0.949240827385885,0.9514101911914539,0.9486844746337725,0.950965108989764,0.9343629343629344
2024-01-29,0.9373551225109527,0.9400979682558539,0.9362919803077637,0.9392474544933027,0.9250965250965251
2024-01-30,0.9177060553065743,0.9208185282208025,0.9164302204682472,0.9197978603501407,0.9104247104247105
2024-01-31,0.9031846157325943,0.9065292846876881,0.900747687173466,0.9045797418403856,0.9057915057915059
2024-02-01,0.8978113117391089,0.9012589736147165,0.8962199244792072,0.8997704601756946,0.9027027027027028
2024-02-02,0.883246801215627,0.890177284639054,0.8816123784181302,0.88865977315011,0.8926640926640926
2024-02-05,0.8682353141497853,0.8802120664537169,0.8652593399140034,0.8785146375515104,0.8957528957528957
2024-02-06,0.9006028260379494,0.9095075583726556,0.8985724899205225,0.9083678725178025,0.9274131274131275
2024-02-07,0.9165491438948699,0.9237475381645023,0.9138919740308472,0.9230060900324102,0.9382239382239383
2024-02-08,0.9340683418790383,0.9367758517888455,0.9321729491888773,0.9364014461131286,0.942857142857143
2024-02-19,0.9489933330408904,0.9535290828281705,0.9474038423094084,0.9528751194176973,0.9498069498069498
2024-02-20,0.9497843083040979,0.9568609255501457,0.9486752556375828,0.956451934282842,0.9536679536679538
2024-02-21,0.958467000159693,0.9642486902615822,0.956682435016972,0.9631951998341338,0.9667953667953668
2024-02-22,0.9696331621883804,0.9748081464413825,0.968245712580232,0.9736752550461191,0.9768339768339768
2024-02-23,0.972691864206239,0.9753700913896585,0.9714215841851765,0.9741112690407046,0.9760617760617761
2024-02-26,0.9722598039110747,0.9745874042610485,0.9716893067064174,0.9743348164762022,0.9652509652509653
2024-02-27,0.9878298763668362,0.9864343486142989,0.9875678206163886,0.9863536824125606,0.9776061776061776
2024-02-28,0.9654180140783054,0.9677092024962959,0.9642048341217453,0.9671543737064825,0.9667953667953668
2024-02-29,0.9911210414955706,0.9883189366558816,0.9911631153938907,0.9882523132551302,0.983011583011583
2024-03-01,0.9977235330816971,0.9937918702068853,0.9980052865468177,0.9940048344618422,0.9915057915057915
2024-03-04,1.0009686751194689,0.9977231521302217,1.0012435768439225,0.997833291356789,0.9891891891891892
2024-03-05,1.0000342555118247,0.9995676893059826,1.0001677805024283,0.9995564861319203,0.9961389961389963
2024-03-06,1.0018042725798932,1.0017437810322836,1.0024097871181756,1.002073209819069,0.9945945945945946
2024-03-07,0.9999193765397467,0.9996953303716235,1.000997546115936,0.9994628320879416,0.9876447876447876
2024-03-08,1.0099496713841167,1.0092117685308764,1.0112814378069315,1.0092503155830856,0.9915057915057915
2024-03-11,1.0153885578282091,1.0099589455557625,1.0167421340852734,1.0099889484530769,1.0046332046332047
2024-03-12,1.0110129903900402,1.002509903177749,1.0114500083691074,1.0027320527633814,1.006949806949807
2024-03-13,1.0099344703639208,1.0007612481082073,1.0106807652280663,1.0010185637972078,0.9992277992277994
2024-03-14,1.00921481329165,1.0010322320316067,1.0103749511264712,1.0012902227108416,0.9969111969111969
2024-03-15,1.0172077732379745,1.0069653850738434,1.0191196789951633,1.007214548274555,0.9992277992277994
2024-03-18,1.028646879790505,1.0168119779806912,1.0309017340584707,1.0173416646858686,1.0084942084942086
2024-03-19,1.0228172760285326,1.0108355074704662,1.0249565256626165,1.0114792534247599,1.0023166023166024
2024-03-20,1.0262433011245777,1.0145603404988368,1.0281504765514295,1.0148601407147393,1.0015444015444015
2024-03-21,1.027099951871974,1.0126844417568186,1.028778491404533,1.0124879239316413,1.0023166023166024
2024-03-22,1.0161127463900452,1.0036605968458718,1.017850921378281,1.0034708706085336,0.9922779922779923
2024-03-25,1.0130720213369153,1.0053997062564797,1.015318973493464,1.0053811427394945,0.9884169884169884
2024-03-26,1.010730760639707,1.0037638397521553,1.0124117386658673,1.0033498972093613,0.9915057915057915
2024-03-27,0.9930856652747406,0.9886931782067795,0.9943307799894074,0.9877126113324928,0.9822393822393823
2024-03-28,1.0055470514183216,1.000587921434311,1.0077629582291072,1.0004712776531484,0.9861003861003861
2024-03-29,1.0164326727772715,1.0097483426975058,1.0188869523456214,1.008999268407518,0.9907335907335907
2024-04-01,1.0336287637717287,1.025062434078746,1.0363867588686275,1.0247498396179109,1.0054054054054056
2024-04-02,1.0326172869226835,1.025784362973784,1.035521381668365,1.025087617844354,1.0023166023166024
2024-04-03,1.0346732757034718,1.0254034060235595,1.0376397387804088,1.0242523437934932,0.9984555984555985
2024-04-08,1.028293665224116,1.0224438966367555,1.0319680670486708,1.0215283974542093,0.98996138996139
2024-04-09,1.027351986050452,1.0180786265441761,1.0312020925163472,1.0172046443215723,0.9884169884169884
2024-04-10,1.0215704696830141,1.0144955334001062,1.025138868080403,1.0135763863593232,0.9806949806949807
2024-04-11,1.0253480860550541,1.022001841217085,1.0294421244983136,1.02170820209297,0.9799227799227799
2024-04-12,1.0263794091196923,1.0229334881341936,1.0307744115617978,1.0225219959417071,0.9722007722007722
2024-04-15,1.034028850908187,1.0349811445924453,1.038388682261041,1.03473401555339,0.9922779922779923
2024-04-16,1.0101350614708366,1.0173202838343778,1.0132159945427324,1.0167899084284502,0.9822393822393823
2024-04-17,1.0380662535372758,1.0460579697477892,1.0428213267071742,1.0464878300150446,0.9961389961389963
2024-04-18,1.0361177204754126,1.0418384018757312,1.0406046040823151,1.041800628220081,0.9976833976833978
2024-04-19,1.0332284881795717,1.0430159295566592,1.0370116272649859,1.042325622483307,0.9907335907335907
2024-04-22,1.0220935279701118,1.0300295171985403,1.0255207756647287,1.0297951275991042,0.9891891891891892
2024-04-23,1.008633659175989,1.0143838127588232,1.01065538704454,1.0136837619787955,0.9814671814671815
2024-04-24,1.0200435262183798,1.0255788973844877,1.0226866285966938,1.025515685814674,0.9845559845559846
2024-04-25,1.0219472845240312,1.0263999463499003,1.0242390661667005,1.025652192693206,0.9868725868725869
2024-04-26,1.036039202573848,1.0367594196468062,1.0391189795803104,1.0367424622697055,1.0023166023166024
2024-04-29,1.048053853019725,1.0451995346346519,1.0512467951075468,1.0454401094754964,1.013899613899614
2024-04-30,1.0468070421372155,1.0448947815539076,1.0492032790983141,1.04491147071647,1.0092664092664092
2024-05-06,1.0592473309150663,1.0560964615921304,1.0617840418060762,1.0562376327398082,1.0247104247104248
2024-05-07,1.058290251642367,1.0551791621645736,1.0609368338813245,1.0554108174287484,1.0247104247104248
2024-05-08,1.0509307081881536,1.0480669808216723,1.0530317807151257,1.0478974892612587,1.0154440154440154
2024-05-09,1.0667614386715192,1.0633686437027148,1.0700094247392191,1.0640773232464897,1.0254826254826257
2024-05-10,1.065096923392123,1.0616252349830329,1.0679597735129114,1.0620399608815125,1.0262548262548263
2024-05-13,1.0601147112000036,1.0566007032280067,1.0627206984036344,1.0568763084931894,1.0247104247104248
2024-05-14,1.0607265435875124,1.0571793490611925,1.0632653384176538,1.0574065945219902,1.0247104247104248
2024-05-15,1.0539459186387397,1.0503689112512609,1.0565528734135383,1.0507007397906687,1.0154440154440154
2024-05-16,1.0536507086051787,1.0500573598132366,1.0557959108976094,1.0500162264504012,1.0193050193050195
2024-05-17,1.0616693394061958,1.0581110487317928,1.0639230778778923,1.058126370459226,1.0308880308880308
2024-05-20,1.0701854669826218,1.066937006886039,1.072280803918694,1.0667822542185632,1.034749034749035
2024-05-21,1.0618023260550709,1.0588356418708869,1.0636837158562125,1.0585408161236378,1.0316602316602317
2024-05-22,1.0612556544271305,1.0582283503046226,1.0627924935741644,1.057680274814734,1.0332046332046334
2024-05-23,1.0449802529828813,1.0420856867047361,1.045667440298183,1.0408921591466154,1.020849420849421
2024-05-24,1.0378221463373922,1.0348367938365683,1.0391764388451306,1.0342228818519397,1.010810810810811
2024-05-27,1.0531853605909858,1.0504147212886845,1.0550267204016381,1.0501599524401612,1.0193050193050195
2024-05-28,1.045410791267227,1.0428481991558012,1.0468010547264668,1.0422205963645277,1.0123552123552124
2024-05-29,1.0440824556331119,1.0416729629820973,1.0457364167895404,1.0412295488475949,1.0123552123552124
2024-05-30,1.038528481195065,1.0361736994683552,1.0400391472675183,1.0356472142615634,1.0084942084942086
2024-05-31,1.0363124810889723,1.0339125106584088,1.0375077944625,1.0331015018986145,1.0054054054054056
2024-06-03,1.0327020632687427,1.0303440975521219,1.033867484507944,1.0295352060054253,1.0061776061776062
2024-06-04,1.0381402952463732,1.0357579139938935,1.039287556313667,1.0349165802233231,1.0131274131274133
2024-06-05,1.0266042400656488,1.0242482379220084,1.0275106693079972,1.0232399597666513,1.0084942084942086
2024-06-06,1.0230054664474422,1.0207520775798045,1.0242169868939102,1.0199853167109612,1.0092664092664092
2024-06-07,1.027919354929519,1.0256705112331417,1.0293013006621543,1.0250144419498854,1.003088803088803
2024-06-11,1.0239447039120568,1.0218329948445224,1.025292163193596,1.02116094845476,0.9961389961389963
2024-06-12,1.0288590678547773,1.0266741535133406,1.030577781653089,1.0262757712885249,0.9945945945945946
2024-06-13,1.0230984329577713,1.0210353003570218,1.0248421291577854,1.0206777011173245,0.9907335907335907
2024-06-14,1.0253135232713237,1.0233101401105336,1.026782499206997,1.022721363321909,0.9969111969111969
2024-06-17,1.0207133203536911,1.018780648380445,1.0221935412692922,1.0182007044509283,0.9938223938223938
2024-06-18,1.0271104178072097,1.025038777667882,1.0289465218428009,1.0247066496110928,0.9969111969111969
2024-06-19,1.0280765737947022,1.02607252166348,1.029700377657615,1.0255639513772787,0.9938223938223938
2024-06-20,1.0191897071972598,1.0174559646189492,1.0204106260873838,1.0166209006365556,0.9884169884169884
2024-06-21,1.0199274155393374,1.0182175021190851,1.0217677002424017,1.017896336323489,0.9868725868725869
2024-06-24,1.0002661961373285,0.9987016718106787,1.0010073284883751,0.9975109814715808,0.9822393822393823
2024-06-25,0.9990849826785733,0.9970353423697278,1.0000789057169939,0.9960992529586403,0.9760617760617761
2024-06-26,1.010583417230911,1.008573739898779,1.011935169193487,1.0078750799913878,0.9806949806949807
2024-06-27,0.9984045663359193,0.996818943535215,0.9990780832325282,0.9956335034401437,0.9760617760617761
2024-06-28,1.0075399798691114,1.0061523287739462,1.0087995458503975,1.0053849568761124,0.9783783783783784
2024-07-01,1.0185910770813935,1.0172563737359392,1.020496040849839,1.0170175975318076,0.9822393822393823
2024-07-02,1.0124286002391607,1.0116620986670066,1.0130677870008737,1.0104227030668818,0.9814671814671815
2024-07-03,1.0088857504813662,1.0081723105125706,1.009569894489327,1.0069721424875546,0.9799227799227799
2024-07-04,1.0005549689118542,0.9997904138628769,1.0008555087411766,0.9982771973914538,0.9745173745173745
2024-07-05,1.000649624510433,0.999829340963534,1.0021110879560902,0.9992383638112694,0.9714285714285715
2024-07-08,0.9904995664395907,0.9901428393351104,0.9916523205320511,0.9892956912692619,0.9637065637065637
2024-07-09,1.0066376357486528,1.006458380420839,1.0084767043190752,1.0061354564259062,0.9737451737451738
2024-07-10,1.0026811816986068,1.0024309705781116,1.0044221925887382,1.002055123050207,0.9714285714285715
2024-07-11,1.0184052694213512,1.0174996276769293,1.021094927157975,1.0178491422322997,0.9845559845559846
2024-07-12,1.0207723347525528,1.0199492030587884,1.0225738294794104,1.01960352592382,0.9868725868725869
2024-07-15,1.0204006176759959,1.0200133938094786,1.0225675745877234,1.0199458713558736,0.9884169884169884
2024-07-16,1.021387575317982,1.0212949330205292,1.0238593089134875,1.0214573668585778,0.9953667953667954
2024-07-17,1.0145012399544109,1.0144006446661373,1.0158200103295718,1.0136665406353036,0.9984555984555985
2024-07-18,1.0179428071144805,1.0179168072482965,1.0193696111429114,1.0172281512016994,1.0046332046332047
2024-07-19,1.0165857040152528,1.0164624593277547,1.0182989826968372,1.0160279903032614,1.0084942084942086
2024-07-22,1.010085524117337,1.0097204447289454,1.0118995200843024,1.009369399783119,1.0015444015444015
2024-07-23,0.9903749376790094,0.990199822393322,0.9904301102792306,0.98850993915439,0.983011583011583
2024-07-24,0.9811129981463718,0.9811625249794251,0.9811143097530509,0.9794269608575417,0.9760617760617761
2024-07-25,0.9736677269751195,0.9736680995388381,0.9732529389388116,0.9716447049253701,0.9698841698841699
2024-07-26,0.9825069480381318,0.9819982256147679,0.9833742674005208,0.9809773750011999,0.9737451737451738
2024-07-29,0.9826387460439738,0.9823696455969483,0.9832227634636441,0.9811430767598162,0.9691119691119691
2024-07-30,0.9808999129264274,0.9808944649148871,0.9818883880023748,0.9799834889139286,0.9629343629343631
2024-07-31,1.006785781182386,1.0062749022144117,1.0085730651379647,1.0059717732979707,0.9837837837837838
2024-08-01,1.0064102634442926,1.0057442915305856,1.007951707454276,1.0052440291790832,0.9776061776061776
2024-08-02,0.9952561954209297,0.9947901204704035,0.9963039812877025,0.9939150914071186,0.9675675675675676
2024-08-05,0.9728186328911143,0.9724792384550653,0.9738717817658736,0.9716470279385614,0.9567567567567569
2024-08-06,0.9757764177823185,0.9756493329334164,0.9764555512064396,0.9745135502883666,0.955984555984556
2024-08-07,0.9766315601178505,0.9767535474307233,0.9775634212036657,0.9758178673693464,0.9552123552123554
2024-08-08,0.9780475455156401,0.9783387720644321,0.9780413423364619,0.9766521361315254,0.955984555984556
2024-08-09,0.9752639787133569,0.9755178965101216,0.9754581231431515,0.9739959126972747,0.9521235521235523
2024-08-12,0.971650190678964,0.9722919711802523,0.9711781623964016,0.9702445521216964,0.9513513513513514
2024-08-13,0.973783219676595,0.9740953095219658,0.9738791337517747,0.9724974772155635,0.9528957528957529
2024-08-14,0.9681911145834143,0.96854209238578,0.9682083705312063,0.9668911026793348,0.945945945945946
2024-08-15,0.976322255932107,0.9765067569712131,0.9766863822021421,0.9751186010846433,0.955984555984556
2024-08-16,0.9802587809298778,0.9803654356322928,0.980602809574266,0.9789544994450801,0.9575289575289576
2024-08-19,0.9847913046326924,0.9851825700418926,0.9847178336547666,0.9834306368182342,0.95984555984556
2024-08-20,0.9757416920562559,0.9759193730389039,0.9756664896746015,0.9741816824319326,0.9528957528957529
2024-08-21,0.9720597515237169,0.9720799510363617,0.972614483666929,0.9708512557284104,0.9505791505791507
2024-08-22,0.9665772409638058,0.9668032646069689,0.9665885202072642,0.9651503188153617,0.9490347490347492
2024-08-23,0.9656142336717403,0.9659663803309264,0.9656796918512565,0.9643582807830386,0.9528957528957529
2024-08-26,0.969834837103962,0.9702783315109648,0.9700427901429682,0.96877664254019,0.9521235521235523
2024-08-28,0.9620644049099117,0.9627003889311964,0.9616303962060964,0.9606997882314404,0.9413127413127415
2024-08-29,0.9621136701587282,0.9627328290352642,0.9622891379488895,0.9612184425917593,0.938996138996139
2024-08-30,0.9738065960337814,0.9746736505469932,0.9738230093062062,0.97301217720664,0.9521235521235523
2024-09-02,0.9564206521394468,0.9575623555486403,0.9560646600193429,0.9556335536686901,0.9359073359073359
2024-09-03,0.9584110331035749,0.9594311574634526,0.9587044750503447,0.9580171457922111,0.9374517374517375
2024-09-04,0.9506110861031809,0.9514268409470523,0.9506597915277942,0.9498310296773899,0.9328185328185329
2024-09-05,0.9521925388224239,0.9528934876262971,0.9524360891050102,0.9514504564141821,0.9328185328185329
2024-09-06,0.9411895783072161,0.9418929786749961,0.9414423217151511,0.9404761996554687,0.9250965250965251
2024-09-09,0.9307687988834814,0.931160826801993,0.9310847079718365,0.92981245811998,0.9142857142857143
2024-09-10,0.9337273993712447,0.9337741328496583,0.9339562297277213,0.932351302866442,0.9150579150579151
2024-09-11,0.9293616815479604,0.929529901367501,0.9302217834078008,0.9286182245787562,0.911969111969112
2024-09-12,0.9312316752235916,0.9315701191689248,0.9319617708250756,0.9305514452454291,0.9096525096525097
2024-09-13,0.9253757094706152,0.9259916384741922,0.9259171754668909,0.9248324436355917,0.9057915057915059
2024-09-18,0.9291591544177125,0.9299652240574404,0.9295340650366863,0.9286665740770085,0.9081081081081082
2024-09-19,0.9401755072988964,0.9410768547812092,0.9412026195319929,0.9402796187740998,0.9158301158301159
2024-09-20,0.9436814678952605,0.9447402306036334,0.9449012180791339,0.9440906224357797,0.918918918918919
2024-09-23,0.9466964820990494,0.9479494777991797,0.9478995427803752,0.9472813105991613,0.9204633204633205
2024-09-24,0.9845282887347867,0.9858265852144154,0.9858306965717545,0.9851726263592987,0.9613899613899616
2024-09-25,0.9937753904813453,0.995133190588242,0.9947147471660033,0.9941736406886139,0.9752895752895753
2024-09-26,1.0296370122052085,1.0308354771361534,1.030552096929771,1.029794950810415,1.020849420849421
2024-09-27,1.06098917807408,1.0620432498343526,1.0620342079439196,1.0610525438010046,1.0687258687258687
2024-09-30,1.1545826585783545,1.1555322701844117,1.1565240115904445,1.1550958418960848,1.1752895752895753
2024-10-08,1.223170589216237,1.224042560848019,1.2233896330895804,1.2221140205056433,1.2617760617760618
2024-10-09,1.1605618966413473,1.1574593059630212,1.161001618994397,1.1558156920992555,1.1366795366795368
2024-10-10,1.1587250578334696,1.1559666096020176,1.1604478065683939,1.1553497607438916,1.145945945945946
2024-10-11,1.122632738051949,1.1207644117360256,1.12390095317204,1.1198466814384869,1.1150579150579152
2024-10-14,1.1513979837154225,1.148453884462323,1.1538132325727501,1.148402226995728,1.1343629343629344
2024-10-15,1.1243061691483924,1.1210192808269759,1.1262950060940684,1.120674078435722,1.1057915057915058
2024-10-16,1.1273025722303838,1.1240058237494208,1.1295424684217739,1.1238557896143297,1.098841698841699
2024-10-17,1.1186374915864998,1.1150989005819825,1.1210098882910573,1.1150695584919301,1.084942084942085
2024-10-18,1.1600619316716336,1.154751060689414,1.163526173428234,1.1555222025657421,1.1258687258687259
2024-10-21,1.1684305336402003,1.162430290684221,1.1727056717074111,1.1638342571882792,1.1274131274131274
2024-10-22,1.1715561830323502,1.1662763689037927,1.1754669142184644,1.1673839872937795,1.1343629343629344
2024-10-23,1.1703861233532804,1.1659009483767888,1.1736122576409167,1.166464106253951,1.1382239382239383
2024-10-24,1.1632305078073184,1.158342965797159,1.1663716057159965,1.1588506990280534,1.1258687258687259
2024-10-25,1.1732261769474057,1.168223001820706,1.176527611277075,1.1688415145825286,1.1335907335907336
2024-10-28,1.181926934553234,1.1774430104720899,1.1854785922729234,1.178246056545622,1.135135135135135
2024-10-29,1.1725620100605552,1.1676215678104014,1.1761292985345846,1.1684533252781621,1.1258687258687259
2024-10-31,1.182508209400634,1.177006012461733,1.187160047155622,1.1786861878357136,1.1166023166023167
2024-11-01,1.1751133816607073,1.1707896018045068,1.1793986168670476,1.1720467505806818,1.1166023166023167
2024-11-04,1.1867616333953173,1.1820821132335386,1.1913403154007516,1.1836144117354117,1.1312741312741315
2024-11-06,1.2170229489951958,1.2113812325500568,1.2228271268387962,1.2138375457969968,1.1544401544401546
2024-11-07,1.2443442853575366,1.2381195540172578,1.2491350409511968,1.2396664759184701,1.1915057915057916
2024-11-08,1.2377680295007574,1.2313922520992127,1.2428123255042547,1.2332608309930526,1.1783783783783786
2024-11-11,1.2505735457847995,1.2429413583624116,1.257158682865496,1.2461291434987283,1.1837837837837837
2024-11-12,1.23721823403963,1.2297154930952308,1.2440458203561353,1.2331213504692609,1.1691119691119691
2024-11-13,1.2413076539428554,1.2341672455344825,1.2480554512238726,1.2375579028631605,1.1776061776061777
2024-11-14,1.21454724451815,1.2085107416040286,1.2201559438479326,1.2110340854279973,1.1583011583011584
2024-11-15,1.1963083141890913,1.1909662796946356,1.2014844515932652,1.1931938190070626,1.1397683397683398
2024-11-18,1.1807876278018359,1.1770925935703598,1.184349289363264,1.1780573210883403,1.132046332046332
2024-11-19,1.1984932749954118,1.193770910722758,1.2034854340128591,1.195799785923269,1.1397683397683398
2024-11-20,1.206940364980188,1.2021637174100963,1.2120592926541958,1.204291898416159,1.142857142857143
2024-11-21,1.2085388489354334,1.2035043033290076,1.214108378670799,1.206015095976059,1.1444015444015445
2024-11-22,1.173109271839176,1.1686466377742373,1.1784573903798627,1.1710382916624364,1.1135135135135135
2024-11-25,1.1704515031786797,1.1664033992721532,1.1756059557690297,1.1686613127685108,1.1034749034749036
2024-11-26,1.1647177834595412,1.1611991166720137,1.1692044108081117,1.1629551106133862,1.1027027027027028
2024-11-27,1.1835307143407532,1.1791513225703776,1.1882704817332945,1.181091199313113,1.1196911196911197
2024-11-28,1.1768546370789192,1.1725604721671368,1.1813923830761672,1.1743566653963187,1.111969111969112
2024-11-29,1.1907049726934884,1.1857802422054793,1.1955387298324827,1.1877869165352273,1.122779922779923
2024-12-02,1.2017943057603022,1.1964478970726287,1.2069360604874926,1.1986428020233426,1.1312741312741315
2024-12-03,1.2011728375682753,1.19636163991308,1.2056227542329196,1.1980257841798645,1.1335907335907336
2024-12-04,1.1966774259789963,1.192749007017251,1.2011091872693682,1.1944402868540913,1.1274131274131274
2024-12-05,1.1982629836855139,1.193728270756683,1.202748452204991,1.1954521565593832,1.1243243243243244
2024-12-06,1.2100122366289736,1.2052568178865506,1.2142936809996256,1.2067735125819519,1.1397683397683398
2024-12-09,1.2080862023860266,1.2036746836196839,1.2120577729194226,1.2049033628771266,1.1382239382239383
2024-12-10,1.21597998602551,1.2112441309463648,1.2198271924524486,1.2123668934953893,1.1474903474903475
2024-12-11,1.2186449299243514,1.21355804921045,1.2230806321978467,1.2150979166115883,1.1444015444015445
2024-12-12,1.2300367504238476,1.2247824733739041,1.2343249911089245,1.226190446628669,1.155984555984556
2024-12-13,1.2076518129375167,1.202258556757482,1.2116631114044787,1.2034569676549016,1.1281853281853282
2024-12-16,1.1985059499861066,1.1944260999942875,1.201860156076858,1.1952148495932549,1.122007722007722
2024-12-17,1.1864477350425622,1.1827412329981373,1.1895612099610637,1.183380185157404,1.1243243243243244
2024-12-18,1.1930528001643417,1.1893151528149373,1.1961270296892141,1.18997234328707,1.1305019305019306
2024-12-19,1.1959476431333156,1.1913119759714041,1.19929095149853,1.1921814575156708,1.132818532818533
2024-12-20,1.1967158159101423,1.1917422098186061,1.200236965611633,1.1927985542491797,1.1274131274131274
2024-12-23,1.190903736486027,1.1869672564597136,1.194079810502477,1.1877867547267242,1.12972972972973
2024-12-24,1.2029630501087551,1.1992079928659276,1.2058047159554306,1.1997135477745318,1.1420849420849422
2024-12-25,1.2002564919280718,1.1969565578021342,1.2026596495624946,1.1971782707502052,1.1436293436293439
2024-12-26,1.2040083981642957,1.2003093033494254,1.206996033449495,1.2010425992181848,1.1436293436293439
2024-12-27,1.205897218146376,1.2023680085020223,1.2081649363354026,1.2024567015647711,1.1413127413127413
2024-12-30,1.208312886752785,1.205175348475305,1.2104647433671543,1.2051852290209193,1.1467181467181469
2024-12-31,1.1851936402200975,1.1826614671517883,1.1869665424811378,1.1824157121879206,1.128957528957529
2025-01-02,1.154738193955474,1.152331607160553,1.1569683892897606,1.152466780452226,1.0972972972972974
2025-01-03,1.1363091589608687,1.1353542845832754,1.1379808529518582,1.1350708874963493,1.0841698841698841
2025-01-06,1.136392950015046,1.1355597804997175,1.137893120635407,1.1351188303807795,1.0826254826254826
2025-01-07,1.1492875170606591,1.1481180478499144,1.151848374619479,1.1485524097913555,1.0903474903474903
2025-01-08,1.1493463442716991,1.1485160972369837,1.1517881583834104,1.1488785696250685,1.0864864864864865
2025-01-09,1.1471822259776467,1.1456747762147852,1.1498406010181597,1.1461967080756859,1.0857142857142856
2025-01-10,1.1332351804614789,1.1317480090787737,1.1359044945366445,1.1322468873162914,1.0733590733590734
2025-01-13,1.1325939965477068,1.1314179545445622,1.1355673119970155,1.132115489140998,1.0687258687258687
2025-01-14,1.1676629910700618,1.1652118057006233,1.1715190877433816,1.166591218331013,1.0965250965250966
2025-01-15,1.1620099760666487,1.1600602986204784,1.1653333005234354,1.16106544292383,1.0895752895752897
2025-01-16,1.1726578744332121,1.1708038233488218,1.1767834113428353,1.1724516656610295,1.0911196911196912
2025-01-17,1.177137194538624,1.174715306109838,1.1814310025661638,1.1764653437026842,1.0942084942084942
2025-01-20,1.1794519855292962,1.176251652686726,1.1836549608336213,1.1779047906229196,1.098841698841699
2025-01-21,1.1802949261266418,1.1764045125352212,1.1846176963676835,1.17813114944992,1.1003861003861004
2025-01-22,1.172155671544452,1.1678599003880679,1.1770328778317387,1.1700325041822635,1.0903474903474903
2025-01-23,1.172885188993735,1.1690860444916245,1.1768547639620217,1.1705268495889025,1.0942084942084942
2025-01-24,1.1806198937950365,1.1764846986465416,1.1846030962534817,1.177917937293332,1.1019305019305021
2025-01-27,1.1764216229854412,1.1733369549317925,1.179979005924973,1.1744391949295312,1.098069498069498
2025-02-05,1.1751684291918112,1.1714001475550435,1.178911611850351,1.1726488522391472,1.0888030888030888
2025-02-06,1.1958627601738494,1.1914505004308462,1.2000151526466682,1.1929939864169645,1.1034749034749036
2025-02-07,1.2084935034087028,1.2043399565388095,1.2128917105496946,1.2060608314410082,1.1173745173745175
2025-02-10,1.2183447693219631,1.2137272477431977,1.2228816240541371,1.2155435934643373,1.1204633204633205
2025-02-11,1.217014891977965,1.2126952376610831,1.2217210222420392,1.2146485973030956,1.115830115830116
2025-02-12,1.227984922637624,1.2230032761076841,1.2323920907388777,1.224701846330243,1.1258687258687259
2025-02-13,1.2202617727459513,1.215397560382413,1.2235937435347277,1.2162515148945192,1.122779922779923
2025-02-14,1.2253099473669158,1.2201195583135624,1.2291547800107174,1.2213741291781628,1.1312741312741315
2025-02-17,1.2321128930398044,1.2266610897346466,1.235681487990148,1.2276854682036402,1.1335907335907336
2025-02-18,1.222934775916697,1.2173220455415712,1.2257454878355065,1.2177563356110646,1.1258687258687259
2025-02-19,1.240192418081505,1.2339420817542346,1.2442997980300996,1.2353828160765694,1.1305019305019306
2025-02-20,1.2389477030169416,1.2325343399157869,1.2434012817588471,1.2342523986934146,1.128957528957529
2025-02-21,1.2598978151364355,1.2530753721081622,1.2652661812759478,1.2554906023837074,1.1413127413127413
2025-02-24,1.2563429012905467,1.2493902056507948,1.2616819152292131,1.2517871708360004,1.1397683397683398
2025-02-25,1.2481809360025045,1.2413757460976513,1.253641968701484,1.2438820046336085,1.1274131274131274
2025-02-26,1.260861121989382,1.2537030969633645,1.2662361794114898,1.2561219235539545,1.1366795366795368
2025-02-27,1.258205008581613,1.2515881741634027,1.2627012090285334,1.253311659467814,1.1397683397683398
2025-02-28,1.230729964040507,1.2249664267719131,1.2349103504901815,1.2264796610571413,1.122007722007722
2025-03-03,1.2333619018490443,1.2274274572148198,1.2377668026602446,1.2291154214514626,1.1173745173745175
2025-03-04,1.2364162517728865,1.229940092236356,1.2415800083506991,1.2322272654709665,1.1150579150579152
2025-03-05,1.2488636759590335,1.2417339859935506,1.2546405391691384,1.2444904036063065,1.1196911196911197
2025-03-06,1.2683441671441276,1.2606907886428298,1.2745014544440738,1.263720965893388,1.135135135135135
2025-03-07,1.2685787686728027,1.2610923901843583,1.2753576936774447,1.2646173333308048,1.132818532818533
2025-03-10,1.2657983806395792,1.2586289243855255,1.272912583993136,1.262425205470466,1.1281853281853282
2025-03-11,1.2665360285329328,1.259354676331942,1.27345689262548,1.262995922847157,1.12972972972973
2025-03-12,1.2656139355446194,1.258340229884379,1.272556699510001,1.2620001826369294,1.1281853281853282
2025-03-13,1.2533737088679289,1.2464544630154555,1.2596871429624912,1.2496316690608071,1.1235521235521237
2025-03-14,1.2750039189881055,1.2677261410268825,1.2814826320330552,1.2710027996634403,1.1498069498069499
2025-03-17,1.2757382080643311,1.2689370499423167,1.2811531353911891,1.2713660788975047,1.1467181467181469
2025-03-18,1.2819143833534485,1.274850200655189,1.2876024221386042,1.2774873547473669,1.1505791505791507
2025-03-19,1.277015773598879,1.2697527877308628,1.2825358416699153,1.2722632189125183,1.1513513513513516
2025-03-20,1.2730964764440627,1.2665171986488568,1.2785913769180017,1.2690139959061828,1.1420849420849422
2025-03-21,1.2562035011566237,1.2505320877502595,1.2613491794488074,1.2527765239868112,1.1250965250965252
2025-03-24,1.2594212747982403,1.2534870836387086,1.2649145337402898,1.2560032887870258,1.12972972972973
2025-03-25,1.2537188501733627,1.248155237092712,1.2586501887993538,1.250232768788402,1.12972972972973
2025-03-26,1.2521880593622547,1.2467249452844984,1.2572731819635052,1.2489272666821283,1.1258687258687259
2025-03-27,1.2533432365473787,1.2478734319346043,1.25811006928841,1.2498206227232773,1.128957528957529
2025-03-28,1.2433614674832172,1.23769311742873,1.2483216628713425,1.239808757769211,1.1235521235521237
2025-03-31,1.2371230474264068,1.2314677962704592,1.2416000499263404,1.2332078996111202,1.1166023166023167
2025-04-01,1.2407195154070116,1.2354605147854394,1.2453250716172661,1.237298056865822,1.1173745173745175
2025-04-02,1.2430364107365042,1.237458585108,1.2476113374581765,1.2392680335530901,1.115830115830116
2025-04-03,1.235004717560533,1.2292342764210775,1.2391073885277704,1.2306793402223992,1.1104247104247105
2025-04-07,1.130620333010394,1.1239209415609661,1.1342038729032706,1.1251052969567557,1.0262548262548263
2025-04-08,1.1316713991646499,1.1259789572808772,1.1348212815296796,1.1268174290680524,1.0455598455598456
2025-04-09,1.1511266525908739,1.1446138364794158,1.1552245620439825,1.1461777579781387,1.0540540540540542
2025-04-10,1.17535243181791,1.1688586532583911,1.1800910526609503,1.1708971087744375,1.0725868725868726
2025-04-11,1.1858728433873709,1.1787060341798592,1.1913263082491379,1.181297553850142,1.0756756756756758
2025-04-14,1.1935993638416145,1.186344744991628,1.1992768501884454,1.189103188389624,1.0787644787644788
2025-04-15,1.1927133843827615,1.1852264752432502,1.197838846897916,1.1875464766438473,1.077992277992278
2025-04-16,1.1885689045641579,1.1808631660754012,1.1935083660478143,1.1830409608885784,1.081853281853282
2025-04-17,1.1884983278427228,1.180722696649151,1.1932605682902364,1.1827594245034214,1.081853281853282
2025-04-18,1.1920387465256423,1.1843246101362803,1.1968161689304324,1.1863682774093198,1.084942084942085
2025-04-21,1.2038285403162345,1.195910148725184,1.2100064748132284,1.1990513890694987,1.0857142857142856
2025-04-22,1.206552499002054,1.1985468492046525,1.2123053991077792,1.2013455853493522,1.0864864864864865
2025-04-23,1.2107741826944631,1.203337828302704,1.2161297892509109,1.2058145611930693,1.0880308880308882
2025-04-24,1.204574370374115,1.197052263267931,1.2093191851384626,1.1990517141209633,1.0888030888030888
2025-04-25,1.2053381903061784,1.1978795513120115,1.2099188716231273,1.1997472537655858,1.0888030888030888
2025-04-28,1.2011142129294636,1.1935858649659123,1.2050073919340232,1.194912317213438,1.0864864864864865
2025-04-29,1.2021855931121042,1.1942281680330393,1.2067699336042126,1.1961029520803395,1.084942084942085
2025-04-30,1.202989018879345,1.1952428320429902,1.207725756143515,1.1972379726260434,1.0826254826254826
2025-05-06,1.2235770502520797,1.2151213542668138,1.2291811138733295,1.2177725163353974,1.0942084942084942
2025-05-07,1.2282517564392101,1.2199098576031377,1.233300092640224,1.2221137019968746,1.1019305019305021
2025-05-08,1.2332447591609594,1.2249136083893715,1.238036126010954,1.2269064258724987,1.108880308880309
2025-05-09,1.2260537606631856,1.217946350467167,1.230408114633285,1.2196034298654779,1.1057915057915058
2025-05-12,1.2370576167823908,1.228742283571617,1.24131895583666,1.2303092536275955,1.1173745173745175
2025-05-13,1.2393070001779543,1.2313751091655618,1.2431169201421801,1.232581457696752,1.1196911196911197
2025-05-14,1.2455315924487862,1.2378817451087878,1.2490924222393638,1.2388819772386044,1.1335907335907336
2025-05-15,1.231844836005778,1.2244568265135327,1.2348397813058776,1.2250286285998457,1.1235521235521237
2025-05-16,1.2290136615366005,1.2213869904424592,1.232559719870587,1.222399562213507,1.1181467181467182
2025-05-19,1.2298361817524284,1.2221636998442018,1.233060200030262,1.2229196104436735,1.115830115830116
2025-05-20,1.2365015729161948,1.2287169975857581,1.2399008641760914,1.2296020279464777,1.1212355212355212
2025-05-21,1.2413800730752869,1.2335931049836448,1.2451784059082023,1.2347874922979822,1.1266409266409267
2025-05-22,1.2352818788968885,1.2276798822325516,1.238957602135808,1.2287862106228002,1.1250965250965252
2025-05-23,1.2269843437164538,1.2196816329848108,1.2308501929813485,1.2209513009241633,1.1173745173745175
2025-05-26,1.2271341272994536,1.2195927756695788,1.2311352025360869,1.2209690665433275,1.1104247104247105
2025-05-27,1.2226090610441955,1.2153056497250379,1.2261272946737511,1.2163060064713256,1.1050193050193051
2025-05-28,1.2223568583381688,1.2155626919856048,1.2259751355694533,1.2166436030902215,1.1042471042471043
2025-05-29,1.2350658344444605,1.227482318137714,1.2388824344746086,1.2287007116263686,1.1104247104247105
2025-05-30,1.2293235178894895,1.2222826552315267,1.2326612110618191,1.223130513133036,1.1081081081081081
2025-06-03,1.2358072547709893,1.2287732336967123,1.2392229609006826,1.2296735433445365,1.1081081081081081
2025-06-04,1.242672382081843,1.235408949149569,1.2463160528286141,1.2364796787097336,1.1127413127413128
2025-06-05,1.246550426716549,1.2390935737322737,1.250270419401122,1.2402188682629942,1.115830115830116
2025-06-06,1.2503424224086643,1.242930122084037,1.2542359759240176,1.2441876175377533,1.115830115830116
2025-06-09,1.2569619828308891,1.2493627878298297,1.2606924645756707,1.2504810258030512,1.1196911196911197
2025-06-10,1.249811848182181,1.2425688205030652,1.253330388207425,1.243529971130065,1.111969111969112
2025-06-11,1.2570023775552064,1.2496607279254017,1.2605136581431637,1.250605502785781,1.1212355212355212
2025-06-12,1.2610837120370562,1.2540010303641853,1.2652532314874474,1.2554623096385462,1.122779922779923
2025-06-13,1.2577437672552136,1.2517469278980178,1.2619476889438386,1.2532421569261094,1.1150579150579152
2025-06-16,1.261654278002787,1.2552775181424278,1.2651726326613688,1.2562227495113956,1.1173745173745175
2025-06-17,1.2597092564876946,1.2536319837431416,1.2631499341813828,1.254518942124297,1.1166023166023167
2025-06-18,1.2614864122364886,1.2551941248594742,1.2650399995543757,1.256167681940763,1.118918918918919
2025-06-19,1.2501412167103427,1.2443328906890598,1.2534011579256745,1.2450908784011618,1.1104247104247105
2025-06-20,1.2476826361556073,1.2416086608058083,1.2507195697657159,1.242192927066954,1.1111969111969113
2025-06-23,1.2609637893893495,1.2543283482169625,1.2639364250223666,1.2548413778506708,1.115830115830116
2025-06-24,1.2706483700197375,1.2624143007441613,1.2742818427079297,1.2634346494301911,1.128957528957529
2025-06-25,1.2833000716816632,1.2747783892245885,1.287018828894552,1.2758474974363532,1.1444015444015445
2025-06-26,1.28579158628437,1.277492724149995,1.2890910433562883,1.278226062250119,1.1420849420849422
2025-06-27,1.283898247344542,1.2754562353094936,1.2884437252353205,1.277180224810965,1.135907335907336
2025-06-30,1.2924871166726961,1.2835361756093429,1.297585712143291,1.2856854700576146,1.1405405405405407
2025-07-01,1.2972149566264677,1.288269092546842,1.3026346273181026,1.2906661454456523,1.1420849420849422
2025-07-02,1.2978931323093805,1.2892240018832393,1.3033203441496835,1.291626510898651,1.1436293436293439
2025-07-03,1.3021007707369248,1.2932094560449918,1.307788145090866,1.2958117947708656,1.1498069498069499
2025-07-04,1.2989199699677039,1.2902305840365964,1.303779441891756,1.2921813289901802,1.1552123552123552
2025-07-07,1.299344092795282,1.2904536313024457,1.303655703144268,1.291968950995709,1.1498069498069499
2025-07-08,1.3113044929902813,1.3019384910572551,1.3163284349913134,1.3040005318280594,1.159073359073359
2025-07-09,1.3078180039878498,1.2990060448956426,1.3122622021384682,1.3006143221404043,1.1583011583011584
2025-07-10,1.3143854349791986,1.3056869251424517,1.3185817341002088,1.3070892508622098,1.162934362934363
2025-07-11,1.31828838804148,1.3090929394709454,1.3232453867820422,1.3110920226730514,1.1675675675675676
2025-07-14,1.3213920188196315,1.312244349186598,1.3264410497493613,1.314311984473177,1.1683397683397683
2025-07-15,1.3178079925972013,1.3087210086432906,1.3228350739141321,1.3107765491587884,1.1675675675675676
2025-07-16,1.318652547663314,1.309460361092716,1.3237869141947873,1.3115995790722,1.1652509652509653
2025-07-17,1.327161911798196,1.3177749236689853,1.3326397353851254,1.320173818259386,1.1745173745173745
2025-07-18,1.3356386665108306,1.3263571064746524,1.3415594990433526,1.329095174092817,1.183011583011583
2025-07-21,1.3522652731474232,1.3423278957321358,1.3598278732123183,1.3463426742415727,1.1907335907335908
2025-07-22,1.3670310134560097,1.3568377669480465,1.3759974242990678,1.3619439212161772,1.2023166023166023
2025-07-23,1.365376932903298,1.3554920238878043,1.3737043991397286,1.3600943923179019,1.2007722007722008
2025-07-24,1.3761994727763383,1.365857680336258,1.385283757139563,1.3710437346061886,1.2092664092664094
2025-07-25,1.3748447238647588,1.364461491283865,1.384267334037925,1.3699177501178759,1.2038610038610038
2025-07-28,1.3751906121957989,1.364495699504091,1.3841520050147862,1.369585174142314,1.206949806949807
2025-07-29,1.3806390596792464,1.3698853774692192,1.3903118100420335,1.3755309637076476,1.2123552123552124
2025-07-30,1.3757351560296434,1.3654764145059515,1.3848694329567437,1.3707029282373648,1.2131274131274132
2025-07-31,1.3538283309523278,1.3439043743506287,1.3617753490792437,1.3482217595358876,1.18996138996139
2025-08-01,1.3504126242353833,1.3405248864939918,1.3582695445219322,1.3447815523455158,1.186872586872587
2025-08-04,1.3616992680041842,1.3513281474277636,1.369433856648924,1.3553599370297387,1.1876447876447878
2025-08-05,1.3695635474817345,1.359604576014046,1.37782573461792,1.364167414850985,1.196911196911197
2025-08-06,1.377997300326954,1.3674719855201383,1.3867629858197934,1.372403609851466,1.2007722007722008
2025-08-07,1.3802212234523772,1.3697688970916715,1.389252386861911,1.3749253852293812,1.2000000000000002
2025-08-08,1.3829064379278808,1.3717653334459194,1.3929514806066972,1.3777174361286362,1.1976833976833976
2025-08-11,1.3883391154331797,1.3763987349496924,1.398595964199975,1.3824761624394657,1.2030888030888032
2025-08-12,1.3950896609376333,1.383207564111445,1.4053375691027892,1.3892639161393516,1.21003861003861
2025-08-13,1.4089683602562817,1.3954303254195632,1.4198138195892749,1.401869666654997,1.2193050193050194
2025-08-14,1.4004195797536896,1.3873163739944796,1.4111534191320108,1.393707319977133,1.2185328185328186
2025-08-15,1.4127582384949666,1.3984486673305312,1.4241362037481218,1.4052523139351236,1.2285714285714286
2025-08-18,1.431508541248761,1.415838373824831,1.4438864278387211,1.4233567974972696,1.2393822393822393
2025-08-19,1.4254339630900876,1.4096971451577167,1.437851412463842,1.4172809620076092,1.2355212355212357
2025-08-20,1.4440002831281828,1.4282167713574057,1.4566335782892612,1.4359114096205297,1.247876447876448
2025-08-21,1.4439507766180768,1.4285718907702079,1.456630259881532,1.4363528450425644,1.2540540540540541
2025-08-22,1.4758627157560187,1.4590073059536475,1.4902894142264258,1.468095445495285,1.2841698841698843
2025-08-25,1.5043810857602877,1.4854696816361224,1.5206681807165199,1.4959467838626783,1.305791505791506
2025-08-26,1.502357913202777,1.483583327482002,1.5182970489831455,1.4937680838397025,1.2996138996138997
2025-08-27,1.4846800207322288,1.465347824473487,1.500177499586316,1.4750541197205145,1.2833976833976835
2025-08-28,1.5174679163409968,1.4963968171390674,1.5362253151287169,1.5087222387338783,1.3027027027027027
2025-08-29,1.5170412355908567,1.4946915240572443,1.5365815883840255,1.5075977676406265,1.3158301158301158
2025-09-01,1.536364785874201,1.5114442766933431,1.558581684740224,1.5264322372635684,1.3212355212355213
2025-09-02,1.5197383241702482,1.4973008496344544,1.5387385552886728,1.5096824329619407,1.3111969111969113
2025-09-03,1.4977952868314703,1.4753874524169783,1.5177751123286285,1.4887006786896553,1.2996138996138997
2025-09-04,1.4567555230190063,1.43773281613585,1.4734126627927464,1.448596648354227,1.2749034749034749
2025-09-05,1.4927957821270912,1.470760070234494,1.511873451014206,1.483371874445794,1.3019305019305019
2025-09-08,1.5044061317102015,1.482379179093657,1.5234232060013204,1.4949255091325808,1.305019305019305
2025-09-09,1.494474155724474,1.4728151385859793,1.5132988461905372,1.4852351530938064,1.2965250965250967
2025-09-10,1.4994939080490455,1.477752035406842,1.5178953802205122,1.4898367067428309,1.2980694980694982
2025-09-11,1.5319024365812828,1.5083791766768426,1.5515688956221507,1.5213332443525247,1.3297297297297297
2025-09-12,1.5349752289252232,1.5103377491833747,1.5557010011545076,1.5240776955820245,1.3212355212355213
2025-09-15,1.5312915294590193,1.5072334683431057,1.551141262929019,1.5202847239496804,1.3235521235521237
2025-09-16,1.5321823040538953,1.5077693221843471,1.5520467675418412,1.5208291123532003,1.3204633204633205
2025-09-17,1.545502310083895,1.520703157469484,1.5655797863779435,1.5338856709111806,1.3312741312741314
2025-09-18,1.5295789667269717,1.5050040998767276,1.549941527750374,1.5184681458076572,1.3150579150579151
2025-09-19,1.5358083923087285,1.510836109651718,1.5567221717143676,1.5247149639790962,1.3158301158301158
2025-09-22,1.5409304589701796,1.5150757888354944,1.562756306414902,1.5296310032152969,1.3204633204633205
2025-09-23,1.5413041692775764,1.516427669218527,1.5630309694327065,1.5309472051368092,1.3227799227799228
2025-09-24,1.5764093347882246,1.550552627814445,1.6000002671590825,1.5665033885735835,1.332818532818533
2025-09-25,1.580880438671416,1.5537459641421651,1.6050884803641179,1.5700974272494517,1.3420849420849421
2025-09-26,1.5713820871849395,1.5450138199264738,1.5953549238838787,1.5612331641423092,1.3305019305019306
2025-09-29,1.5966085062040054,1.5681016549166242,1.6230725733099105,1.5862258018137818,1.3513513513513513
2025-09-30,1.6060406127826732,1.5758974010501892,1.6339537761270841,1.5950727737864174,1.355984555984556
2025-10-09,1.6381471195983375,1.6049351645124275,1.670256437791313,1.6273324563841545,1.3760617760617762
2025-10-10,1.6096798740300966,1.5787783225987781,1.6392271798158804,1.5992309563346518,1.3498069498069498
2025-10-13,1.6228384073792355,1.5908478326359914,1.6550675801891037,1.613394864949346,1.3420849420849421
2025-10-14,1.584633149878323,1.5562028467737874,1.61318413601544,1.5759989945128785,1.3274131274131276
2025-10-15,1.5991239392087966,1.5700080752053167,1.6285740249680896,1.5905315578726846,1.3459459459459462
2025-10-16,1.5906896687118226,1.5629216656182967,1.6186828099168704,1.5823417980922365,1.3490347490347492
2025-10-17,1.5555238931650686,1.5293013398426893,1.5820320034419508,1.5476328380117295,1.3250965250965252
2025-10-20,1.5626606743235911,1.537052095840557,1.5880396952788884,1.554517599843795,1.3274131274131276
2025-10-21,1.5909562851410588,1.5637868876543812,1.618044853670908,1.5825917672200913,1.3474903474903477
2025-10-22,1.5899265300442353,1.563746521659848,1.6165929804816055,1.5822376044545112,1.3436293436293436
2025-10-23,1.5910513581881327,1.5650974800063944,1.6176878672671877,1.5836122522628917,1.3482625482625483
2025-10-27,1.6377046090833907,1.6081911789858403,1.6680858749528225,1.6295309125760715,1.3814671814671815
2025-10-28,1.623648133917906,1.5951778626433832,1.6518477839681318,1.6147665195003296,1.3737451737451738
2025-10-29,1.639191260721928,1.6083247807205892,1.6692355444256504,1.6292335521610486,1.38996138996139
2025-10-30,1.6330470944629787,1.6025585943831873,1.6632485433326507,1.6236281094365272,1.3791505791505791
2025-10-31,1.6147477684595768,1.5852546078564358,1.6436929299368084,1.6053694072157105,1.3613899613899614
2025-11-03,1.6159927230173836,1.5876976795913187,1.6433272093302302,1.6065166325422933,1.3613899613899614
2025-11-04,1.6026115490359127,1.5765914790969933,1.6287050627964097,1.5945163986667477,1.3521235521235522
2025-11-05,1.6067842970442179,1.5806214291102827,1.6329955982746192,1.5986164216000027,1.352895752895753
2025-11-06,1.633105167182039,1.6046024275825153,1.6616325993191492,1.6243425545169776,1.3722007722007723
2025-11-07,1.6350524084713127,1.6064202849420295,1.6634814473543433,1.6260198685326372,1.36988416988417
2025-11-10,1.6375270939088287,1.6089011696658837,1.665430527018196,1.628079088401532,1.3737451737451738
2025-11-11,1.6273094947544968,1.5999682493273562,1.6541552862686484,1.6183618482625193,1.3629343629343629
2025-11-12,1.6252687585254009,1.5984131777652244,1.6515167889137603,1.6163306409857434,1.3606177606177607
2025-11-13,1.6414008519278958,1.6130996727739424,1.6690392034946908,1.6320562671379808,1.3752895752895753
2025-11-14,1.6248107057287562,1.597922665107339,1.6508995638799617,1.6156509714897218,1.3544401544401545
2025-11-17,1.617480768488083,1.5901423428978387,1.6439106852258711,1.6081023765666502,1.3474903474903477
2025-11-18,1.6063632786217763,1.5793591909107698,1.6326366104554955,1.5972540344169057,1.3405405405405406
2025-11-19,1.6109796579158135,1.58402447248694,1.637458677138847,1.6020088026598143,1.3436293436293436
2025-11-20,1.602529313137865,1.5768465496417454,1.6292218015821167,1.5950683611173464,1.335907335907336
2025-11-21,1.553189004043035,1.5304995368976422,1.5766769640070057,1.5463604703710612,1.3042471042471044
2025-11-24,1.5562924388274788,1.5330500037815789,1.5802019386727282,1.5492657075279883,1.3034749034749036
2025-11-25,1.5736998336783528,1.5500612886070189,1.5988444505283006,1.5672316159663293,1.3135135135135136
2025-11-26,1.5809886850573576,1.5564413521291387,1.607171272078013,1.5744480763338007,1.322007722007722
2025-11-27,1.5801118587626732,1.5557268427917317,1.6065314050446722,1.5739102690184157,1.3212355212355213
2025-11-28,1.5928117892809914,1.5668177419531664,1.6201698489596854,1.5856612656492253,1.3227799227799228
2025-12-01,1.6136166810657446,1.586552792192472,1.642093526380382,1.6061765325673867,1.3405405405405406
2025-12-02,1.6054116076862102,1.5791677411254548,1.6332628756266498,1.5983526190354265,1.3320463320463323
2025-12-03,1.6028455802697112,1.5760787303578088,1.6315393845648134,1.595872897474945,1.3274131274131276
2025-12-04,1.6116512836305044,1.5836487984032033,1.6413706775493,1.6042359177908367,1.3305019305019306
2025-12-05,1.6266634493365528,1.5975829801839736,1.657545141492596,1.6190446946140993,1.3405405405405406
2025-12-08,1.6389246986062258,1.6085519459344413,1.6709822706563857,1.6309365144307655,1.3505791505791507
2025-12-09,1.6264816099969008,1.597118780876316,1.6576081205653876,1.6188230024899166,1.3459459459459462
2025-12-10,1.632014599244253,1.6012253317805003,1.6647936774465462,1.6241872315970616,1.3420849420849421
2025-12-11,1.6180447789477268,1.588283905367228,1.6495401722532768,1.6102750331843498,1.3335907335907338
2025-12-12,1.6331670109981726,1.6021191439792868,1.6653897183080342,1.6246505648612537,1.3413127413127415
2025-12-15,1.6252882219908318,1.5950280708112332,1.6566239129462303,1.616846958234391,1.3343629343629344
2025-12-16,1.600886862143001,1.571639445688968,1.6313353909660406,1.5928367384656557,1.3173745173745175
2025-12-17,1.6232504539110972,1.5923587088015596,1.6554507297116614,1.6148650285033361,1.33976833976834
2025-12-18,1.6205682969102402,1.591317322882133,1.6514375270216057,1.6127998636685243,1.332818532818533
2025-12-19,1.6298311220742185,1.5997882238393468,1.6622895205314379,1.6225047674114044,1.3382239382239385
2025-12-22,1.650236703714639,1.6177185382062222,1.684133587565116,1.6414773934201006,1.3505791505791507
2025-12-23,1.6529732466219484,1.6202197899591135,1.686681337097204,1.6438266632703005,1.352895752895753
2025-12-24,1.662302551378762,1.628907527497641,1.6963485310801296,1.6527602832623325,1.3583011583011584
2025-12-25,1.6654481031585098,1.6319294749203526,1.6991512108305495,1.6555173883465228,1.3598455598455599
2025-12-26,1.6758864479904492,1.641311046669028,1.7111867663861509,1.6660677570522853,1.366795366795367
2025-12-29,1.6718725310953713,1.6385346238979073,1.7054920195804317,1.661966285993929,1.3606177606177607
2025-12-30,1.6817991263115302,1.6476769178303967,1.7164948329550502,1.6719005858470342,1.3644787644787644
2025-12-31,1.6842591034700147,1.649802610348884,1.7198230893632596,1.674716909075105,1.3590733590733592
2026-01-05,1.7127866967724112,1.6756362141824057,1.7503130746844173,1.702076299135176,1.383011583011583
2026-01-06,1.7463101508292784,1.7068309655607092,1.7853994913480626,1.7343776942069768,1.4054054054054055
2026-01-07,1.7570998279743466,1.7155301529152842,1.798038311578693,1.744538192744271,1.4000000000000001
2026-01-08,1.7500270499391923,1.7083428154011222,1.7900037720304398,1.736561325971707,1.3891891891891892
2026-01-09,1.7792233959447064,1.7355176054883066,1.8205105517787123,1.7646436818333036,1.3945945945945948
2026-01-12,1.818147105686352,1.7721348447378933,1.8617125367810654,1.803043085755645,1.4023166023166025
2026-01-13,1.796236279139251,1.7523613081343867,1.837317043689753,1.781321826944327,1.396911196911197
2026-01-14,1.8000850503621133,1.7544149485418534,1.8413246347065786,1.7833860571553555,1.3891891891891892
2026-01-15,1.8021946221980585,1.7549548243223256,1.8452398393063199,1.78532900876687,1.3915057915057916
2026-01-16,1.8064331779751432,1.758019234367766,1.8509268844560265,1.7895719930343863,1.3891891891891892
2026-01-19,1.811811260068859,1.7630842407754257,1.8559479721200496,1.7942476468516948,1.386872586872587
2026-01-20,1.8066229179866478,1.7590303883155847,1.850027855859286,1.7896234894468983,1.3853281853281854
2026-01-21,1.8239755065533232,1.7735948288293286,1.8703149958535232,1.806372555277114,1.3853281853281854
2026-01-22,1.8319824920854484,1.7813193627587212,1.8775553231253594,1.8133965740298432,1.3861003861003862
2026-01-23,1.8480857276096478,1.7953471023473997,1.8954893268164796,1.828837632920871,1.3776061776061777
2026-01-26,1.85824040553067,1.8048501199355602,1.9074341722074022,1.8395567445944256,1.383011583011583
2026-01-27,1.859577948280312,1.8064818069173887,1.9082493581505562,1.8408514141613412,1.3783783783783783
2026-01-28,1.887452948946856,1.8310973807360156,1.9386341365379642,1.8671733902556968,1.3845559845559845
2026-01-29,1.8900363642981357,1.8344182394095092,1.9410546803210509,1.870321563720554,1.3961389961389963
2026-01-30,1.8501492193740863,1.798323658415836,1.8962633360420293,1.830548806842236,1.3806949806949809
2026-02-02,1.7784596675278843,1.7244262806761406,1.8198310038136865,1.7538537321619367,1.3513513513513513
2026-02-03,1.8230314466233668,1.7710259471586733,1.8688650432440443,1.8034135316587008,1.3683397683397684
2026-02-04,1.837332914983429,1.7845741967070374,1.8829747224296105,1.8167778911159438,1.3783783783783783
2026-02-05,1.8172715183600707,1.76222935379541,1.860581132749547,1.7931534827107904,1.3714285714285714
2026-02-06,1.8133545589430702,1.758500487295741,1.8561143533280653,1.7888490201391385,1.3629343629343629
2026-02-09,1.845251917073941,1.7909911053791658,1.890406888737671,1.8229817365222194,1.3853281853281854
2026-02-10,1.8492546933161322,1.795050897987346,1.8942919396479048,1.82692981434593,1.3876447876447877
2026-02-11,1.856760529836276,1.802219766859336,1.9025372479689906,1.8346505189961664,1.3845559845559845
2026-02-12,1.867424735985475,1.8151160979961356,1.9142771248264867,1.847889729852528,1.386872586872587
2026-02-13,1.8422267545914153,1.78939596464637,1.8872110569639606,1.8209438344213205,1.3737451737451738
2026-02-24,1.8762001853353598,1.8249669457948008,1.9237555084017044,1.8579174921528032,1.3822393822393824
