stock_code,trade_date,open,high,low,close,volume,amount,close_org,close_back
561160.SH,20220711,0.971,0.978,0.943,0.957,1205233.0,114953056.0,0.957,0.957
561160.SH,20220712,0.95,0.965,0.931,0.938,625727.0,59314188.0,0.938,0.938
561160.SH,20220713,0.938,0.969,0.921,0.961,935391.0,88484176.0,0.961,0.961
561160.SH,20220714,0.967,1.012,0.952,0.999,2356234.0,235368928.0,0.999,0.999
561160.SH,20220715,1.0,1.015,0.99,0.991,1460867.0,147196960.0,0.991,0.991
561160.SH,20220718,0.99,1.011,0.978,1.003,820692.0,82013584.0,1.003,1.003
561160.SH,20220719,1.003,1.007,0.982,0.984,476057.0,47283844.0,0.984,0.984
561160.SH,20220720,0.987,0.995,0.977,0.981,364275.0,35820924.0,0.981,0.981
561160.SH,20220721,0.976,0.994,0.966,0.967,467754.0,45775912.0,0.967,0.967
561160.SH,20220722,0.978,0.98,0.951,0.96,593874.0,57262920.0,0.96,0.96
561160.SH,20220725,0.951,0.963,0.942,0.948,395409.0,37607064.0,0.948,0.948
561160.SH,20220726,0.953,0.964,0.937,0.954,434340.0,41297848.0,0.954,0.954
561160.SH,20220727,0.95,0.97,0.945,0.969,372766.0,35857924.0,0.969,0.969
561160.SH,20220728,0.975,0.981,0.952,0.959,339371.0,32665352.0,0.959,0.959
561160.SH,20220729,0.959,0.97,0.948,0.95,408723.0,39108572.0,0.95,0.95
561160.SH,20220801,0.948,0.989,0.941,0.987,652062.0,63378624.0,0.987,0.987
561160.SH,20220802,0.97,0.985,0.958,0.974,528981.0,51409208.0,0.974,0.974
561160.SH,20220803,0.969,0.989,0.936,0.939,575794.0,55240192.0,0.939,0.939
561160.SH,20220804,0.948,0.948,0.922,0.936,352185.0,32819046.0,0.936,0.936
561160.SH,20220805,0.935,0.952,0.927,0.943,390858.0,36658028.0,0.943,0.943
561160.SH,20220808,0.941,0.949,0.923,0.949,334325.0,31361856.0,0.949,0.949
561160.SH,20220809,0.948,0.978,0.943,0.964,577552.0,55826548.0,0.964,0.964
561160.SH,20220810,0.964,0.966,0.948,0.951,388052.0,37128916.0,0.951,0.951
561160.SH,20220811,0.951,0.968,0.935,0.965,516474.0,49121992.0,0.965,0.965
561160.SH,20220812,0.958,0.971,0.947,0.948,528715.0,50770040.0,0.948,0.948
561160.SH,20220815,0.943,0.987,0.943,0.974,598572.0,58345864.0,0.974,0.974
561160.SH,20220816,0.975,0.995,0.974,0.983,484406.0,47873560.0,0.983,0.983
561160.SH,20220817,0.983,0.992,0.969,0.987,391535.0,38491256.0,0.987,0.987
561160.SH,20220818,0.986,1.01,0.986,0.998,816899.0,81892656.0,0.998,0.998
561160.SH,20220819,0.998,1.002,0.969,0.972,456933.0,44724376.0,0.972,0.972
561160.SH,20220822,0.968,0.993,0.957,0.991,478806.0,46981648.0,0.991,0.991
561160.SH,20220823,0.985,1.011,0.985,1.005,680917.0,68358056.0,1.005,1.005
561160.SH,20220824,1.01,1.017,0.957,0.96,712103.0,69681704.0,0.96,0.96
561160.SH,20220825,0.964,0.966,0.929,0.941,532258.0,50009168.0,0.941,0.941
561160.SH,20220826,0.942,0.95,0.928,0.931,463729.0,43460380.0,0.931,0.931
561160.SH,20220829,0.925,0.93,0.91,0.922,572151.0,52713920.0,0.922,0.922
561160.SH,20220830,0.922,0.928,0.914,0.916,382885.0,35123948.0,0.916,0.916
561160.SH,20220831,0.909,0.914,0.864,0.866,920962.0,81163400.0,0.866,0.866
561160.SH,20220901,0.869,0.877,0.855,0.857,385176.0,33304868.0,0.857,0.857
561160.SH,20220902,0.863,0.865,0.84,0.851,399286.0,34006136.0,0.851,0.851
561160.SH,20220905,0.855,0.866,0.845,0.862,376178.0,32276128.0,0.862,0.862
561160.SH,20220906,0.861,0.879,0.846,0.879,564375.0,48728536.0,0.879,0.879
561160.SH,20220907,0.876,0.907,0.87,0.899,504512.0,45198224.0,0.899,0.899
561160.SH,20220908,0.899,0.899,0.878,0.88,350964.0,31162292.0,0.88,0.88
561160.SH,20220909,0.879,0.883,0.869,0.881,391538.0,34321932.0,0.881,0.881
561160.SH,20220913,0.882,0.888,0.868,0.877,282309.0,24694406.0,0.877,0.877
561160.SH,20220914,0.86,0.87,0.848,0.855,452611.0,38783564.0,0.855,0.855
561160.SH,20220915,0.856,0.859,0.801,0.809,777440.0,64149296.0,0.809,0.809
561160.SH,20220916,0.802,0.811,0.794,0.795,490913.0,39427628.0,0.795,0.795
561160.SH,20220919,0.794,0.811,0.792,0.797,444321.0,35562628.0,0.797,0.797
561160.SH,20220920,0.8,0.831,0.8,0.817,620822.0,50872192.0,0.817,0.817
561160.SH,20220921,0.813,0.821,0.806,0.814,441828.0,35973248.0,0.814,0.814
561160.SH,20220922,0.812,0.827,0.801,0.817,508598.0,41447480.0,0.817,0.817
561160.SH,20220923,0.816,0.824,0.796,0.809,499045.0,40227720.0,0.809,0.809
561160.SH,20220926,0.8,0.84,0.8,0.829,648802.0,53614852.0,0.829,0.829
561160.SH,20220927,0.825,0.837,0.814,0.827,420003.0,34594288.0,0.827,0.827
561160.SH,20220928,0.823,0.826,0.794,0.796,535766.0,42933796.0,0.796,0.796
561160.SH,20220929,0.797,0.809,0.79,0.802,455819.0,36373760.0,0.802,0.802
561160.SH,20220930,0.793,0.8,0.772,0.775,533018.0,41701492.0,0.775,0.775
561160.SH,20221010,0.771,0.774,0.749,0.75,481399.0,36595304.0,0.75,0.75
561160.SH,20221011,0.753,0.781,0.753,0.779,677081.0,52509600.0,0.779,0.779
561160.SH,20221012,0.777,0.808,0.762,0.808,598492.0,46473736.0,0.808,0.808
561160.SH,20221013,0.803,0.824,0.801,0.81,487596.0,39719168.0,0.81,0.81
561160.SH,20221014,0.813,0.829,0.8,0.821,554019.0,44944116.0,0.821,0.821
561160.SH,20221017,0.818,0.82,0.799,0.812,467870.0,37722744.0,0.812,0.812
561160.SH,20221018,0.816,0.833,0.811,0.821,574338.0,47136792.0,0.821,0.821
561160.SH,20221019,0.821,0.846,0.819,0.828,595444.0,49824252.0,0.828,0.828
561160.SH,20221020,0.819,0.819,0.789,0.803,712826.0,57056296.0,0.803,0.803
561160.SH,20221021,0.798,0.81,0.795,0.798,520775.0,41675652.0,0.798,0.798
561160.SH,20221024,0.801,0.807,0.78,0.786,512315.0,40739048.0,0.786,0.786
561160.SH,20221025,0.779,0.803,0.77,0.79,455944.0,35800764.0,0.79,0.79
561160.SH,20221026,0.792,0.805,0.784,0.797,506622.0,40252320.0,0.797,0.797
561160.SH,20221027,0.799,0.82,0.783,0.784,718290.0,57549528.0,0.784,0.784
561160.SH,20221028,0.78,0.78,0.739,0.741,687610.0,52045932.0,0.741,0.741
561160.SH,20221031,0.732,0.756,0.73,0.744,515433.0,38466772.0,0.744,0.744
561160.SH,20221101,0.744,0.771,0.741,0.769,585668.0,44341140.0,0.769,0.769
561160.SH,20221102,0.767,0.79,0.748,0.786,645982.0,50172652.0,0.786,0.786
561160.SH,20221103,0.779,0.8,0.776,0.791,525081.0,41587532.0,0.791,0.791
561160.SH,20221104,0.794,0.831,0.794,0.829,779365.0,63552552.0,0.829,0.829
561160.SH,20221107,0.83,0.843,0.818,0.834,561388.0,46826968.0,0.834,0.834
561160.SH,20221108,0.835,0.845,0.818,0.829,553273.0,45914060.0,0.829,0.829
561160.SH,20221109,0.83,0.83,0.812,0.812,449800.0,36861800.0,0.812,0.812
561160.SH,20221110,0.81,0.81,0.787,0.79,541833.0,43019368.0,0.79,0.79
561160.SH,20221111,0.812,0.819,0.796,0.803,609962.0,49168544.0,0.803,0.803
561160.SH,20221114,0.802,0.808,0.77,0.775,628999.0,49474752.0,0.775,0.775
561160.SH,20221115,0.77,0.794,0.768,0.793,531879.0,41480120.0,0.793,0.793
561160.SH,20221116,0.793,0.794,0.775,0.778,568764.0,44538732.0,0.778,0.778
561160.SH,20221117,0.772,0.772,0.75,0.759,670384.0,50751656.0,0.759,0.759
561160.SH,20221118,0.757,0.769,0.748,0.758,536303.0,40826604.0,0.758,0.758
561160.SH,20221121,0.752,0.769,0.748,0.768,565354.0,42991428.0,0.768,0.768
561160.SH,20221122,0.761,0.762,0.741,0.744,799938.0,59917428.0,0.744,0.744
561160.SH,20221123,0.74,0.757,0.732,0.753,713048.0,53007772.0,0.753,0.753
561160.SH,20221124,0.755,0.773,0.753,0.765,770682.0,58828824.0,0.765,0.765
561160.SH,20221125,0.76,0.76,0.743,0.743,620923.0,46475536.0,0.743,0.743
561160.SH,20221128,0.733,0.75,0.726,0.745,603517.0,44621128.0,0.745,0.745
561160.SH,20221129,0.741,0.75,0.737,0.743,756408.0,56187656.0,0.743,0.743
561160.SH,20221130,0.744,0.756,0.74,0.75,732619.0,54850292.0,0.75,0.75
561160.SH,20221201,0.76,0.773,0.758,0.763,875122.0,67129520.0,0.763,0.763
561160.SH,20221202,0.76,0.776,0.758,0.77,583348.0,44914424.0,0.77,0.77
561160.SH,20221205,0.77,0.771,0.754,0.757,796495.0,60386916.0,0.757,0.757
561160.SH,20221206,0.753,0.771,0.744,0.765,605335.0,45911024.0,0.765,0.765
561160.SH,20221207,0.757,0.789,0.757,0.78,787953.0,61428136.0,0.78,0.78
561160.SH,20221208,0.779,0.791,0.773,0.783,466323.0,36597724.0,0.783,0.783
561160.SH,20221209,0.784,0.788,0.774,0.78,433635.0,33800352.0,0.78,0.78
561160.SH,20221212,0.779,0.781,0.768,0.771,309834.0,23969452.0,0.771,0.771
561160.SH,20221213,0.767,0.773,0.751,0.753,548403.0,41658424.0,0.753,0.753
561160.SH,20221214,0.751,0.758,0.744,0.746,476327.0,35662292.0,0.746,0.746
561160.SH,20221215,0.742,0.766,0.742,0.765,473711.0,35764064.0,0.765,0.765
561160.SH,20221216,0.759,0.764,0.743,0.747,414603.0,31097008.0,0.747,0.747
561160.SH,20221219,0.76,0.768,0.746,0.749,622707.0,47040236.0,0.749,0.749
561160.SH,20221220,0.756,0.756,0.735,0.737,545229.0,40351300.0,0.737,0.737
561160.SH,20221221,0.747,0.747,0.726,0.731,419817.0,30763500.0,0.731,0.731
561160.SH,20221222,0.734,0.736,0.713,0.715,494828.0,35767680.0,0.715,0.715
561160.SH,20221223,0.711,0.715,0.699,0.704,466146.0,32861802.0,0.704,0.704
561160.SH,20221226,0.703,0.736,0.702,0.734,790169.0,57171376.0,0.734,0.734
561160.SH,20221227,0.735,0.742,0.729,0.741,413209.0,30495496.0,0.741,0.741
561160.SH,20221228,0.736,0.736,0.721,0.731,477519.0,34787344.0,0.731,0.731
561160.SH,20221229,0.73,0.74,0.728,0.732,335843.0,24641972.0,0.732,0.732
561160.SH,20221230,0.741,0.743,0.726,0.727,509414.0,37324832.0,0.727,0.727
561160.SH,20230103,0.726,0.735,0.713,0.734,336525.0,24425970.0,0.734,0.734
561160.SH,20230104,0.73,0.731,0.714,0.718,354914.0,25568882.0,0.718,0.718
561160.SH,20230105,0.72,0.747,0.717,0.741,626968.0,46076864.0,0.741,0.741
561160.SH,20230106,0.737,0.77,0.736,0.759,684724.0,51899324.0,0.759,0.759
561160.SH,20230109,0.761,0.777,0.761,0.763,382341.0,29407284.0,0.763,0.763
561160.SH,20230110,0.763,0.779,0.757,0.774,482735.0,37086456.0,0.774,0.774
561160.SH,20230111,0.771,0.776,0.76,0.761,277784.0,21316672.0,0.761,0.761
561160.SH,20230112,0.764,0.778,0.764,0.77,324855.0,25043524.0,0.77,0.77
561160.SH,20230113,0.774,0.779,0.76,0.768,442130.0,34062384.0,0.768,0.768
561160.SH,20230116,0.774,0.775,0.757,0.769,339512.0,26049448.0,0.769,0.769
561160.SH,20230117,0.767,0.777,0.767,0.773,291678.0,22533360.0,0.773,0.773
561160.SH,20230118,0.774,0.782,0.77,0.777,435416.0,33824464.0,0.777,0.777
561160.SH,20230119,0.775,0.777,0.769,0.774,375493.0,28997716.0,0.774,0.774
561160.SH,20230120,0.774,0.785,0.773,0.784,442884.0,34493016.0,0.784,0.784
561160.SH,20230130,0.809,0.822,0.804,0.805,756687.0,61727824.0,0.805,0.805
561160.SH,20230131,0.805,0.812,0.8,0.806,396143.0,31950656.0,0.806,0.806
561160.SH,20230201,0.809,0.819,0.802,0.812,434905.0,35327312.0,0.812,0.812
561160.SH,20230202,0.816,0.816,0.802,0.805,353449.0,28584484.0,0.805,0.805
561160.SH,20230203,0.808,0.808,0.785,0.795,530230.0,42120820.0,0.795,0.795
561160.SH,20230206,0.794,0.794,0.778,0.785,474334.0,37251880.0,0.785,0.785
561160.SH,20230207,0.785,0.79,0.779,0.785,453344.0,35516188.0,0.785,0.785
561160.SH,20230208,0.785,0.791,0.782,0.785,370303.0,29110772.0,0.785,0.785
561160.SH,20230209,0.785,0.793,0.777,0.792,436270.0,34293384.0,0.792,0.792
561160.SH,20230210,0.79,0.79,0.777,0.781,285789.0,22407366.0,0.781,0.781
561160.SH,20230213,0.78,0.788,0.778,0.783,263728.0,20688070.0,0.783,0.783
561160.SH,20230214,0.783,0.789,0.774,0.779,415964.0,32384314.0,0.779,0.779
561160.SH,20230215,0.778,0.786,0.773,0.775,362129.0,28236366.0,0.775,0.775
561160.SH,20230216,0.775,0.776,0.753,0.76,572003.0,43908048.0,0.76,0.76
561160.SH,20230217,0.76,0.76,0.742,0.742,493218.0,36995172.0,0.742,0.742
561160.SH,20230220,0.747,0.747,0.728,0.744,536569.0,39548960.0,0.744,0.744
561160.SH,20230221,0.744,0.749,0.738,0.746,456452.0,33960152.0,0.746,0.746
561160.SH,20230222,0.741,0.747,0.737,0.739,510355.0,37841920.0,0.739,0.739
561160.SH,20230223,0.74,0.747,0.74,0.745,403280.0,29973534.0,0.745,0.745
561160.SH,20230224,0.746,0.747,0.733,0.737,500203.0,36928096.0,0.737,0.737
561160.SH,20230227,0.732,0.74,0.727,0.732,386308.0,28323972.0,0.732,0.732
561160.SH,20230228,0.737,0.737,0.729,0.736,371807.0,27265418.0,0.736,0.736
561160.SH,20230301,0.737,0.737,0.728,0.734,550514.0,40275344.0,0.734,0.734
561160.SH,20230302,0.734,0.734,0.716,0.719,799639.0,57805952.0,0.719,0.719
561160.SH,20230303,0.722,0.723,0.713,0.718,608597.0,43702156.0,0.718,0.718
561160.SH,20230306,0.716,0.725,0.704,0.724,733481.0,52344128.0,0.724,0.724
561160.SH,20230307,0.722,0.725,0.718,0.719,484393.0,34947420.0,0.719,0.719
561160.SH,20230308,0.717,0.723,0.709,0.714,518272.0,37045656.0,0.714,0.714
561160.SH,20230309,0.713,0.717,0.707,0.711,404613.0,28794584.0,0.711,0.711
561160.SH,20230310,0.711,0.712,0.7,0.705,705660.0,49720940.0,0.705,0.705
561160.SH,20230313,0.704,0.706,0.692,0.695,570662.0,39775220.0,0.695,0.695
561160.SH,20230314,0.691,0.695,0.668,0.681,852442.0,57957892.0,0.681,0.681
561160.SH,20230315,0.685,0.695,0.679,0.679,585781.0,40123840.0,0.679,0.679
561160.SH,20230316,0.674,0.677,0.66,0.662,709079.0,47376908.0,0.662,0.662
561160.SH,20230317,0.664,0.666,0.654,0.656,728598.0,48012860.0,0.656,0.656
561160.SH,20230320,0.656,0.668,0.645,0.662,619567.0,40769480.0,0.662,0.662
561160.SH,20230321,0.664,0.676,0.658,0.676,744822.0,49626372.0,0.676,0.676
561160.SH,20230322,0.68,0.688,0.676,0.679,695836.0,47438880.0,0.679,0.679
561160.SH,20230323,0.678,0.681,0.672,0.675,861748.0,58293136.0,0.675,0.675
561160.SH,20230324,0.677,0.684,0.667,0.678,614189.0,41593008.0,0.678,0.678
561160.SH,20230327,0.677,0.687,0.675,0.686,740704.0,50497952.0,0.686,0.686
561160.SH,20230328,0.687,0.688,0.676,0.679,523585.0,35622740.0,0.679,0.679
561160.SH,20230329,0.679,0.689,0.677,0.681,642449.0,43938240.0,0.681,0.681
561160.SH,20230330,0.681,0.684,0.674,0.683,811391.0,55074416.0,0.683,0.683
561160.SH,20230331,0.682,0.697,0.682,0.687,682154.0,47109228.0,0.687,0.687
561160.SH,20230403,0.687,0.693,0.681,0.688,575628.0,39488208.0,0.688,0.688
561160.SH,20230404,0.69,0.69,0.662,0.669,933364.0,62572792.0,0.669,0.669
561160.SH,20230406,0.667,0.672,0.66,0.67,557714.0,37049192.0,0.67,0.67
561160.SH,20230407,0.669,0.677,0.667,0.67,546274.0,36669648.0,0.67,0.67
561160.SH,20230410,0.674,0.693,0.672,0.692,1154291.0,78619112.0,0.692,0.692
561160.SH,20230411,0.691,0.695,0.684,0.686,1117294.0,76871656.0,0.686,0.686
561160.SH,20230412,0.685,0.687,0.673,0.677,809635.0,54896816.0,0.677,0.677
561160.SH,20230413,0.675,0.679,0.668,0.671,870358.0,58490992.0,0.671,0.671
561160.SH,20230414,0.672,0.692,0.67,0.686,1316789.0,90054848.0,0.686,0.686
561160.SH,20230417,0.686,0.697,0.681,0.69,708830.0,48964080.0,0.69,0.69
561160.SH,20230418,0.693,0.703,0.69,0.698,883264.0,61698652.0,0.698,0.698
561160.SH,20230419,0.697,0.7,0.689,0.692,665545.0,46151528.0,0.692,0.692
561160.SH,20230420,0.692,0.692,0.669,0.669,1187792.0,80215800.0,0.669,0.669
561160.SH,20230421,0.673,0.683,0.662,0.664,1021313.0,68794952.0,0.664,0.664
561160.SH,20230424,0.666,0.666,0.643,0.648,1149116.0,74932536.0,0.648,0.648
561160.SH,20230425,0.647,0.65,0.62,0.624,1087610.0,68511208.0,0.624,0.624
561160.SH,20230426,0.623,0.67,0.619,0.665,1483928.0,96629840.0,0.665,0.665
561160.SH,20230427,0.66,0.673,0.658,0.666,672994.0,44746392.0,0.666,0.666
561160.SH,20230428,0.666,0.668,0.652,0.659,903574.0,59446704.0,0.659,0.659
561160.SH,20230504,0.652,0.667,0.652,0.655,607729.0,40020432.0,0.655,0.655
561160.SH,20230505,0.652,0.653,0.636,0.641,641290.0,41254560.0,0.641,0.641
561160.SH,20230508,0.645,0.651,0.637,0.646,596084.0,38327120.0,0.646,0.646
561160.SH,20230509,0.645,0.645,0.632,0.634,918294.0,58375496.0,0.634,0.634
561160.SH,20230510,0.634,0.656,0.626,0.651,953815.0,61038052.0,0.651,0.651
561160.SH,20230511,0.648,0.67,0.646,0.662,955535.0,63077824.0,0.662,0.662
561160.SH,20230512,0.66,0.668,0.65,0.65,668658.0,43910828.0,0.65,0.65
561160.SH,20230515,0.652,0.679,0.652,0.677,1193402.0,79998832.0,0.677,0.677
561160.SH,20230516,0.677,0.682,0.671,0.677,685838.0,46347120.0,0.677,0.677
561160.SH,20230517,0.677,0.682,0.668,0.674,579622.0,38957980.0,0.674,0.674
561160.SH,20230518,0.675,0.675,0.657,0.665,996041.0,66146792.0,0.665,0.665
561160.SH,20230519,0.662,0.667,0.657,0.663,610189.0,40410216.0,0.663,0.663
561160.SH,20230522,0.663,0.666,0.656,0.662,773929.0,51224928.0,0.662,0.662
561160.SH,20230523,0.662,0.668,0.655,0.657,833888.0,55100112.0,0.657,0.657
561160.SH,20230524,0.653,0.664,0.651,0.655,942004.0,61935480.0,0.655,0.655
561160.SH,20230525,0.653,0.664,0.649,0.66,857821.0,56527712.0,0.66,0.66
561160.SH,20230526,0.66,0.661,0.642,0.648,861779.0,55775452.0,0.648,0.648
561160.SH,20230529,0.65,0.65,0.63,0.631,969885.0,61485704.0,0.631,0.631
561160.SH,20230530,0.63,0.641,0.628,0.636,737524.0,46719552.0,0.636,0.636
561160.SH,20230531,0.635,0.638,0.628,0.63,1058491.0,66747784.0,0.63,0.63
561160.SH,20230601,0.631,0.64,0.625,0.63,819998.0,51987012.0,0.63,0.63
561160.SH,20230602,0.631,0.647,0.631,0.644,1017809.0,65330852.0,0.644,0.644
561160.SH,20230605,0.646,0.646,0.626,0.633,787675.0,49792704.0,0.633,0.633
561160.SH,20230606,0.632,0.633,0.624,0.626,673090.0,42241648.0,0.626,0.626
561160.SH,20230607,0.627,0.627,0.609,0.612,878360.0,53913836.0,0.612,0.612
561160.SH,20230608,0.614,0.62,0.608,0.61,750608.0,46013428.0,0.61,0.61
561160.SH,20230609,0.61,0.619,0.608,0.611,613283.0,37527744.0,0.611,0.611
561160.SH,20230612,0.612,0.62,0.605,0.616,712815.0,43679284.0,0.616,0.616
561160.SH,20230613,0.615,0.62,0.612,0.616,347735.0,21437784.0,0.616,0.616
561160.SH,20230614,0.618,0.619,0.608,0.61,701432.0,42951480.0,0.61,0.61
561160.SH,20230615,0.608,0.641,0.607,0.64,1254049.0,78591728.0,0.64,0.64
561160.SH,20230616,0.64,0.65,0.638,0.648,859132.0,55405016.0,0.648,0.648
561160.SH,20230619,0.646,0.652,0.642,0.643,500492.0,32307476.0,0.643,0.643
561160.SH,20230620,0.641,0.652,0.64,0.643,631996.0,40757004.0,0.643,0.643
561160.SH,20230621,0.644,0.653,0.634,0.635,601482.0,38716488.0,0.635,0.635
561160.SH,20230626,0.624,0.646,0.624,0.638,614851.0,39061264.0,0.638,0.638
561160.SH,20230627,0.637,0.643,0.63,0.638,445361.0,28329236.0,0.638,0.638
561160.SH,20230628,0.636,0.641,0.632,0.638,421558.0,26840610.0,0.638,0.638
561160.SH,20230629,0.636,0.646,0.634,0.634,684787.0,43694040.0,0.634,0.634
561160.SH,20230630,0.634,0.656,0.633,0.652,903398.0,58456656.0,0.652,0.652
561160.SH,20230703,0.654,0.669,0.653,0.661,994943.0,66043992.0,0.661,0.661
561160.SH,20230704,0.662,0.665,0.657,0.661,544510.0,35999184.0,0.661,0.661
561160.SH,20230705,0.658,0.664,0.653,0.654,1413948.0,92861016.0,0.654,0.654
561160.SH,20230706,0.65,0.655,0.646,0.646,1357567.0,88231872.0,0.646,0.646
561160.SH,20230707,0.647,0.647,0.638,0.64,537814.0,34554956.0,0.64,0.64
561160.SH,20230710,0.64,0.657,0.64,0.653,653146.0,42459352.0,0.653,0.653
561160.SH,20230711,0.653,0.656,0.645,0.655,710403.0,46202052.0,0.655,0.655
561160.SH,20230712,0.655,0.662,0.65,0.654,976332.0,64083696.0,0.654,0.654
561160.SH,20230713,0.655,0.665,0.655,0.659,592603.0,39034236.0,0.659,0.659
561160.SH,20230714,0.659,0.659,0.646,0.648,707914.0,46034536.0,0.648,0.648
561160.SH,20230717,0.646,0.646,0.635,0.639,456624.0,29113808.0,0.639,0.639
561160.SH,20230718,0.64,0.64,0.631,0.636,579893.0,36786664.0,0.636,0.636
561160.SH,20230719,0.637,0.637,0.623,0.627,668510.0,41954740.0,0.627,0.627
561160.SH,20230720,0.628,0.635,0.622,0.624,615819.0,38775116.0,0.624,0.624
561160.SH,20230721,0.62,0.624,0.616,0.62,650167.0,40247596.0,0.62,0.62
561160.SH,20230724,0.617,0.617,0.607,0.609,882560.0,53903692.0,0.609,0.609
561160.SH,20230725,0.614,0.624,0.613,0.623,1102388.0,68187824.0,0.623,0.623
561160.SH,20230726,0.623,0.624,0.617,0.62,773141.0,47939572.0,0.62,0.62
561160.SH,20230727,0.621,0.628,0.618,0.62,991522.0,61744068.0,0.62,0.62
561160.SH,20230728,0.616,0.625,0.612,0.623,1060843.0,65660908.0,0.623,0.623
561160.SH,20230731,0.623,0.638,0.623,0.634,1182988.0,74926440.0,0.634,0.634
561160.SH,20230801,0.633,0.635,0.625,0.628,628292.0,39612032.0,0.628,0.628
561160.SH,20230802,0.63,0.633,0.626,0.627,529974.0,33346824.0,0.627,0.627
561160.SH,20230803,0.623,0.632,0.623,0.632,591240.0,37242732.0,0.632,0.632
561160.SH,20230804,0.635,0.643,0.63,0.638,801303.0,51042796.0,0.638,0.638
561160.SH,20230807,0.638,0.642,0.633,0.635,486056.0,30922276.0,0.635,0.635
561160.SH,20230808,0.635,0.639,0.632,0.634,718107.0,45576336.0,0.634,0.634
561160.SH,20230809,0.634,0.636,0.629,0.633,661905.0,41865796.0,0.633,0.633
561160.SH,20230810,0.635,0.641,0.633,0.637,714836.0,45542888.0,0.637,0.637
561160.SH,20230811,0.637,0.638,0.621,0.622,701381.0,44099440.0,0.622,0.622
561160.SH,20230814,0.619,0.619,0.604,0.613,807777.0,49229900.0,0.613,0.613
561160.SH,20230815,0.613,0.614,0.6,0.603,718686.0,43521184.0,0.603,0.603
561160.SH,20230816,0.602,0.61,0.599,0.6,601503.0,36304308.0,0.6,0.6
561160.SH,20230817,0.601,0.602,0.592,0.601,651107.0,38848632.0,0.601,0.601
561160.SH,20230818,0.6,0.606,0.592,0.594,510334.0,30582936.0,0.594,0.594
561160.SH,20230821,0.595,0.595,0.577,0.578,1874652.0,109030224.0,0.578,0.578
561160.SH,20230822,0.578,0.582,0.561,0.572,725506.0,41386552.0,0.572,0.572
561160.SH,20230823,0.571,0.571,0.553,0.554,709618.0,39770576.0,0.554,0.554
561160.SH,20230824,0.556,0.565,0.553,0.56,1326801.0,74200992.0,0.56,0.56
561160.SH,20230825,0.556,0.558,0.549,0.553,531005.0,29406768.0,0.553,0.553
561160.SH,20230828,0.572,0.581,0.552,0.553,2239584.0,125813408.0,0.553,0.553
561160.SH,20230829,0.552,0.576,0.552,0.573,1211660.0,68772960.0,0.573,0.573
561160.SH,20230830,0.573,0.58,0.57,0.572,566068.0,32557708.0,0.572,0.572
561160.SH,20230831,0.574,0.574,0.564,0.567,626957.0,35507012.0,0.567,0.567
561160.SH,20230901,0.566,0.569,0.562,0.566,537413.0,30346272.0,0.566,0.566
561160.SH,20230904,0.567,0.571,0.56,0.57,676064.0,38318308.0,0.57,0.57
561160.SH,20230905,0.569,0.572,0.564,0.567,448889.0,25449300.0,0.567,0.567
561160.SH,20230906,0.566,0.566,0.559,0.563,790334.0,44357284.0,0.563,0.563
561160.SH,20230907,0.563,0.564,0.548,0.548,1385892.0,76572016.0,0.548,0.548
561160.SH,20230908,0.548,0.549,0.539,0.542,1252963.0,68038264.0,0.542,0.542
561160.SH,20230911,0.542,0.549,0.537,0.544,534354.0,29059618.0,0.544,0.544
561160.SH,20230912,0.545,0.552,0.541,0.547,507003.0,27747620.0,0.547,0.547
561160.SH,20230913,0.546,0.548,0.536,0.539,829643.0,44866036.0,0.539,0.539
561160.SH,20230914,0.538,0.539,0.528,0.53,650903.0,34638640.0,0.53,0.53
561160.SH,20230915,0.531,0.532,0.522,0.525,649412.0,34111032.0,0.525,0.525
561160.SH,20230918,0.524,0.539,0.522,0.531,762688.0,40619796.0,0.531,0.531
561160.SH,20230919,0.533,0.533,0.524,0.527,386471.0,20367622.0,0.527,0.527
561160.SH,20230920,0.525,0.527,0.52,0.52,425502.0,22225012.0,0.52,0.52
561160.SH,20230921,0.518,0.521,0.514,0.515,444891.0,23001812.0,0.515,0.515
561160.SH,20230922,0.516,0.526,0.513,0.525,767292.0,39799688.0,0.525,0.525
561160.SH,20230925,0.524,0.525,0.517,0.522,605065.0,31464904.0,0.522,0.522
561160.SH,20230926,0.523,0.523,0.515,0.517,575243.0,29750552.0,0.517,0.517
561160.SH,20230927,0.515,0.532,0.515,0.523,726597.0,38026004.0,0.523,0.523
561160.SH,20230928,0.523,0.528,0.521,0.524,457662.0,24019512.0,0.524,0.524
561160.SH,20231009,0.524,0.527,0.517,0.521,530665.0,27700760.0,0.521,0.521
561160.SH,20231010,0.522,0.527,0.518,0.52,579279.0,30284420.0,0.52,0.52
561160.SH,20231011,0.523,0.525,0.516,0.517,1356340.0,70607608.0,0.517,0.517
561160.SH,20231012,0.521,0.533,0.518,0.531,1233178.0,64875744.0,0.531,0.531
561160.SH,20231013,0.527,0.528,0.517,0.52,805871.0,41972120.0,0.52,0.52
561160.SH,20231016,0.519,0.521,0.506,0.508,610328.0,31255112.0,0.508,0.508
561160.SH,20231017,0.509,0.519,0.508,0.513,752713.0,38765624.0,0.513,0.513
561160.SH,20231018,0.514,0.514,0.504,0.505,633098.0,32111852.0,0.505,0.505
561160.SH,20231019,0.506,0.507,0.497,0.498,608867.0,30430780.0,0.498,0.498
561160.SH,20231020,0.496,0.509,0.494,0.504,917703.0,46149524.0,0.504,0.504
561160.SH,20231023,0.504,0.504,0.485,0.489,898990.0,44201728.0,0.489,0.489
561160.SH,20231024,0.49,0.495,0.486,0.491,851556.0,41767368.0,0.491,0.491
561160.SH,20231025,0.495,0.499,0.488,0.489,809891.0,39958588.0,0.489,0.489
561160.SH,20231026,0.486,0.49,0.473,0.489,1069619.0,51237544.0,0.489,0.489
561160.SH,20231027,0.486,0.512,0.484,0.51,1309553.0,65277848.0,0.51,0.51
561160.SH,20231030,0.51,0.52,0.508,0.517,966937.0,49696700.0,0.517,0.517
561160.SH,20231031,0.517,0.517,0.507,0.51,521687.0,26629900.0,0.51,0.51
561160.SH,20231101,0.512,0.513,0.503,0.507,650738.0,33038928.0,0.507,0.507
561160.SH,20231102,0.51,0.51,0.496,0.497,762420.0,38355068.0,0.497,0.497
561160.SH,20231103,0.499,0.508,0.498,0.507,753630.0,38019752.0,0.507,0.507
561160.SH,20231106,0.509,0.53,0.509,0.528,897008.0,46798992.0,0.528,0.528
561160.SH,20231107,0.527,0.529,0.521,0.527,547439.0,28742544.0,0.527,0.527
561160.SH,20231108,0.526,0.531,0.523,0.527,690439.0,36428040.0,0.527,0.527
561160.SH,20231109,0.529,0.532,0.525,0.529,660609.0,34921504.0,0.529,0.529
561160.SH,20231110,0.528,0.528,0.52,0.524,526502.0,27516420.0,0.524,0.524
561160.SH,20231113,0.526,0.529,0.522,0.525,432381.0,22674464.0,0.525,0.525
561160.SH,20231114,0.527,0.527,0.518,0.52,707344.0,36918916.0,0.52,0.52
561160.SH,20231115,0.527,0.534,0.526,0.529,869330.0,46107988.0,0.529,0.529
561160.SH,20231116,0.529,0.529,0.516,0.516,663101.0,34516328.0,0.516,0.516
561160.SH,20231117,0.516,0.521,0.512,0.52,485888.0,25145888.0,0.52,0.52
561160.SH,20231120,0.521,0.523,0.513,0.521,534008.0,27653832.0,0.521,0.521
561160.SH,20231121,0.522,0.525,0.516,0.517,653868.0,34039552.0,0.517,0.517
561160.SH,20231122,0.517,0.517,0.504,0.505,564811.0,28795160.0,0.505,0.505
561160.SH,20231123,0.503,0.508,0.502,0.508,613326.0,30991372.0,0.508,0.508
561160.SH,20231124,0.508,0.508,0.499,0.5,531670.0,26667022.0,0.5,0.5
561160.SH,20231127,0.499,0.499,0.49,0.493,521702.0,25740322.0,0.493,0.493
561160.SH,20231128,0.493,0.498,0.491,0.498,471246.0,23302724.0,0.498,0.498
561160.SH,20231129,0.496,0.496,0.489,0.491,561253.0,27621324.0,0.491,0.491
561160.SH,20231130,0.491,0.495,0.486,0.489,756415.0,37049976.0,0.489,0.489
561160.SH,20231201,0.491,0.491,0.481,0.485,589632.0,28558938.0,0.485,0.485
561160.SH,20231204,0.487,0.487,0.48,0.481,583786.0,28165964.0,0.481,0.481
561160.SH,20231205,0.479,0.485,0.473,0.473,544403.0,26070318.0,0.473,0.473
561160.SH,20231206,0.472,0.491,0.47,0.485,899431.0,43668348.0,0.485,0.485
561160.SH,20231207,0.484,0.484,0.476,0.48,663107.0,31742606.0,0.48,0.48
561160.SH,20231208,0.487,0.489,0.476,0.478,501577.0,24046616.0,0.478,0.478
561160.SH,20231211,0.475,0.481,0.469,0.48,630469.0,29829538.0,0.48,0.48
561160.SH,20231212,0.478,0.48,0.474,0.476,448267.0,21373344.0,0.476,0.476
561160.SH,20231213,0.475,0.475,0.464,0.465,687171.0,32160936.0,0.465,0.465
561160.SH,20231214,0.468,0.473,0.461,0.461,543185.0,25329740.0,0.461,0.461
561160.SH,20231215,0.464,0.471,0.46,0.463,703145.0,32781952.0,0.463,0.463
561160.SH,20231218,0.46,0.462,0.449,0.452,674908.0,30733164.0,0.452,0.452
561160.SH,20231219,0.451,0.459,0.449,0.456,458924.0,20846764.0,0.456,0.456
561160.SH,20231220,0.456,0.457,0.449,0.45,466134.0,21137292.0,0.45,0.45
561160.SH,20231221,0.449,0.464,0.447,0.462,829642.0,37791336.0,0.462,0.462
561160.SH,20231222,0.462,0.475,0.454,0.47,778529.0,36227664.0,0.47,0.47
561160.SH,20231225,0.467,0.476,0.467,0.472,439853.0,20756080.0,0.472,0.472
561160.SH,20231226,0.472,0.473,0.467,0.469,549501.0,25767012.0,0.469,0.469
561160.SH,20231227,0.47,0.471,0.463,0.466,515866.0,24032816.0,0.466,0.466
561160.SH,20231228,0.462,0.497,0.462,0.493,1091067.0,52923116.0,0.493,0.493
561160.SH,20231229,0.49,0.496,0.489,0.492,632499.0,31177960.0,0.492,0.492
561160.SH,20240102,0.492,0.492,0.481,0.481,432002.0,20951678.0,0.481,0.481
561160.SH,20240103,0.48,0.483,0.475,0.48,460063.0,22000270.0,0.48,0.48
561160.SH,20240104,0.481,0.481,0.467,0.47,732801.0,34472156.0,0.47,0.47
561160.SH,20240105,0.471,0.48,0.46,0.463,502572.0,23670838.0,0.463,0.463
561160.SH,20240108,0.461,0.467,0.455,0.456,455535.0,20981280.0,0.456,0.456
561160.SH,20240109,0.456,0.468,0.449,0.459,767055.0,35001140.0,0.459,0.459
561160.SH,20240110,0.455,0.473,0.451,0.464,822563.0,38146584.0,0.464,0.464
561160.SH,20240111,0.464,0.484,0.462,0.479,1267888.0,59918920.0,0.479,0.479
561160.SH,20240112,0.476,0.489,0.476,0.477,1517174.0,73350800.0,0.477,0.477
561160.SH,20240115,0.474,0.477,0.467,0.471,597331.0,28123176.0,0.471,0.471
561160.SH,20240116,0.47,0.479,0.466,0.476,671464.0,31742188.0,0.476,0.476
561160.SH,20240117,0.474,0.475,0.459,0.46,503998.0,23486980.0,0.46,0.46
561160.SH,20240118,0.458,0.47,0.452,0.467,744287.0,34183504.0,0.467,0.467
561160.SH,20240119,0.466,0.475,0.459,0.46,548624.0,25632576.0,0.46,0.46
561160.SH,20240122,0.455,0.456,0.438,0.44,924592.0,41413488.0,0.44,0.44
561160.SH,20240123,0.44,0.452,0.434,0.444,622015.0,27541756.0,0.444,0.444
561160.SH,20240124,0.445,0.448,0.426,0.44,763129.0,33244324.0,0.44,0.44
561160.SH,20240125,0.438,0.445,0.428,0.445,695659.0,30419824.0,0.445,0.445
561160.SH,20240126,0.442,0.444,0.432,0.434,1017786.0,44401860.0,0.434,0.434
561160.SH,20240129,0.435,0.435,0.413,0.416,1035922.0,43478448.0,0.416,0.416
561160.SH,20240130,0.412,0.419,0.401,0.403,585260.0,24068204.0,0.403,0.403
561160.SH,20240131,0.402,0.413,0.396,0.397,979919.0,39698060.0,0.397,0.397
561160.SH,20240201,0.392,0.405,0.391,0.396,798281.0,31823672.0,0.396,0.396
561160.SH,20240202,0.395,0.397,0.37,0.381,922895.0,35573256.0,0.381,0.381
561160.SH,20240205,0.377,0.383,0.354,0.373,1126015.0,41990572.0,0.373,0.373
561160.SH,20240206,0.367,0.401,0.367,0.401,998854.0,38610484.0,0.401,0.401
561160.SH,20240207,0.401,0.419,0.401,0.417,850467.0,35188552.0,0.417,0.417
561160.SH,20240208,0.42,0.435,0.418,0.426,831801.0,35539148.0,0.426,0.426
561160.SH,20240219,0.429,0.43,0.417,0.42,522425.0,21970568.0,0.42,0.42
561160.SH,20240220,0.418,0.418,0.408,0.416,453821.0,18728866.0,0.416,0.416
561160.SH,20240221,0.411,0.434,0.411,0.425,991515.0,42234176.0,0.425,0.425
561160.SH,20240222,0.423,0.428,0.42,0.427,487448.0,20647052.0,0.427,0.427
561160.SH,20240223,0.426,0.431,0.423,0.43,503672.0,21580908.0,0.43,0.43
561160.SH,20240226,0.434,0.435,0.424,0.429,587875.0,25268616.0,0.429,0.429
561160.SH,20240227,0.429,0.438,0.426,0.438,530387.0,22842800.0,0.438,0.438
561160.SH,20240228,0.44,0.454,0.425,0.425,949754.0,42186636.0,0.425,0.425
561160.SH,20240229,0.423,0.444,0.423,0.444,991395.0,42995772.0,0.444,0.444
561160.SH,20240301,0.444,0.45,0.439,0.449,708749.0,31518418.0,0.449,0.449
561160.SH,20240304,0.446,0.453,0.443,0.445,548841.0,24556576.0,0.445,0.445
561160.SH,20240305,0.442,0.442,0.436,0.441,692493.0,30380392.0,0.441,0.441
561160.SH,20240306,0.44,0.453,0.436,0.447,663229.0,29392352.0,0.447,0.447
561160.SH,20240307,0.444,0.447,0.433,0.434,521579.0,22980900.0,0.434,0.434
561160.SH,20240308,0.437,0.442,0.432,0.44,689189.0,30157236.0,0.44,0.44
561160.SH,20240311,0.446,0.484,0.446,0.484,1538028.0,71750592.0,0.484,0.484
561160.SH,20240312,0.489,0.49,0.477,0.481,923511.0,44488512.0,0.481,0.481
561160.SH,20240313,0.477,0.485,0.475,0.48,725785.0,34817656.0,0.48,0.48
561160.SH,20240314,0.478,0.483,0.47,0.475,730799.0,34908140.0,0.475,0.475
561160.SH,20240315,0.474,0.474,0.462,0.474,545321.0,25495288.0,0.474,0.474
561160.SH,20240318,0.479,0.487,0.477,0.486,820273.0,39581344.0,0.486,0.486
561160.SH,20240319,0.485,0.489,0.48,0.481,605106.0,29330140.0,0.481,0.481
561160.SH,20240320,0.478,0.486,0.476,0.481,491723.0,23681246.0,0.481,0.481
561160.SH,20240321,0.482,0.482,0.474,0.476,691699.0,32990298.0,0.476,0.476
561160.SH,20240322,0.473,0.475,0.461,0.463,488914.0,22806440.0,0.463,0.463
561160.SH,20240325,0.462,0.465,0.452,0.452,453779.0,20788996.0,0.452,0.452
561160.SH,20240326,0.458,0.471,0.453,0.468,1043081.0,47964856.0,0.468,0.468
561160.SH,20240327,0.466,0.467,0.449,0.449,548831.0,25166184.0,0.449,0.449
561160.SH,20240328,0.453,0.462,0.45,0.456,614763.0,28004262.0,0.456,0.456
561160.SH,20240329,0.455,0.466,0.455,0.46,605581.0,27855944.0,0.46,0.46
561160.SH,20240401,0.46,0.48,0.46,0.479,1159231.0,55033484.0,0.479,0.479
561160.SH,20240402,0.479,0.488,0.474,0.485,686076.0,32940168.0,0.485,0.485
561160.SH,20240403,0.485,0.49,0.478,0.48,661442.0,31957676.0,0.48,0.48
561160.SH,20240408,0.479,0.485,0.467,0.468,505667.0,24080776.0,0.468,0.468
561160.SH,20240409,0.47,0.486,0.469,0.486,850664.0,40818740.0,0.486,0.486
561160.SH,20240410,0.486,0.486,0.472,0.479,686296.0,32740082.0,0.479,0.479
561160.SH,20240411,0.474,0.478,0.466,0.473,594708.0,28047512.0,0.473,0.473
561160.SH,20240412,0.473,0.473,0.456,0.457,693768.0,32146352.0,0.457,0.457
561160.SH,20240415,0.457,0.471,0.456,0.463,570849.0,26523756.0,0.463,0.463
561160.SH,20240416,0.462,0.462,0.443,0.444,540952.0,24375872.0,0.444,0.444
561160.SH,20240417,0.446,0.457,0.446,0.455,451172.0,20464520.0,0.455,0.455
561160.SH,20240418,0.454,0.461,0.444,0.455,541924.0,24547700.0,0.455,0.455
561160.SH,20240419,0.451,0.451,0.438,0.442,790279.0,34944356.0,0.442,0.442
561160.SH,20240422,0.442,0.445,0.434,0.436,354247.0,15517776.0,0.436,0.436
561160.SH,20240423,0.438,0.443,0.434,0.434,479521.0,20977820.0,0.434,0.434
561160.SH,20240424,0.434,0.437,0.428,0.436,412244.0,17869660.0,0.436,0.436
561160.SH,20240425,0.436,0.443,0.43,0.441,442430.0,19378364.0,0.441,0.441
561160.SH,20240426,0.437,0.45,0.436,0.449,627775.0,27798786.0,0.449,0.449
561160.SH,20240429,0.448,0.477,0.448,0.473,985279.0,45973100.0,0.473,0.473
561160.SH,20240430,0.474,0.475,0.463,0.464,415055.0,19339852.0,0.464,0.464
561160.SH,20240506,0.473,0.48,0.473,0.478,729779.0,34764572.0,0.478,0.478
561160.SH,20240507,0.475,0.479,0.472,0.477,523826.0,24931338.0,0.477,0.477
561160.SH,20240508,0.477,0.477,0.465,0.466,582758.0,27299520.0,0.466,0.466
561160.SH,20240509,0.472,0.486,0.472,0.482,1063094.0,51150664.0,0.482,0.482
561160.SH,20240510,0.478,0.482,0.471,0.474,702409.0,33305594.0,0.474,0.474
561160.SH,20240513,0.469,0.472,0.462,0.465,577686.0,26950062.0,0.465,0.465
561160.SH,20240514,0.465,0.469,0.46,0.461,483097.0,22368674.0,0.461,0.461
561160.SH,20240515,0.463,0.471,0.458,0.459,428068.0,19853604.0,0.459,0.459
561160.SH,20240516,0.461,0.464,0.457,0.458,411487.0,18933302.0,0.458,0.458
561160.SH,20240517,0.458,0.465,0.453,0.465,485415.0,22259858.0,0.465,0.465
561160.SH,20240520,0.466,0.469,0.461,0.464,475116.0,22111112.0,0.464,0.464
561160.SH,20240521,0.465,0.465,0.456,0.458,425826.0,19524960.0,0.458,0.458
561160.SH,20240522,0.457,0.472,0.457,0.47,724437.0,33669912.0,0.47,0.47
561160.SH,20240523,0.468,0.468,0.456,0.459,509297.0,23461966.0,0.459,0.459
561160.SH,20240524,0.455,0.459,0.449,0.45,430832.0,19565848.0,0.45,0.45
561160.SH,20240527,0.45,0.453,0.445,0.453,349770.0,15675281.0,0.453,0.453
561160.SH,20240528,0.452,0.453,0.447,0.448,358476.0,16106740.0,0.448,0.448
561160.SH,20240529,0.45,0.46,0.449,0.453,493520.0,22462936.0,0.453,0.453
561160.SH,20240530,0.456,0.458,0.451,0.453,352913.0,16000915.0,0.453,0.453
561160.SH,20240531,0.453,0.458,0.451,0.453,303909.0,13811480.0,0.453,0.453
561160.SH,20240603,0.452,0.453,0.446,0.452,306385.0,13771014.0,0.452,0.452
561160.SH,20240604,0.451,0.463,0.45,0.461,538719.0,24601296.0,0.461,0.461
561160.SH,20240605,0.459,0.468,0.459,0.46,511275.0,23747924.0,0.46,0.46
561160.SH,20240606,0.46,0.461,0.448,0.45,459321.0,20853628.0,0.45,0.45
561160.SH,20240607,0.448,0.451,0.435,0.44,497266.0,21945370.0,0.44,0.44
561160.SH,20240611,0.438,0.442,0.433,0.442,339695.0,14823086.0,0.442,0.442
561160.SH,20240612,0.44,0.442,0.437,0.441,204231.0,8969698.0,0.441,0.441
561160.SH,20240613,0.438,0.444,0.438,0.439,279859.0,12342220.0,0.439,0.439
561160.SH,20240614,0.439,0.44,0.431,0.437,388131.0,16846396.0,0.437,0.437
561160.SH,20240617,0.433,0.45,0.433,0.446,610618.0,27098744.0,0.446,0.446
561160.SH,20240618,0.444,0.45,0.444,0.447,378567.0,16913266.0,0.447,0.447
561160.SH,20240619,0.447,0.448,0.438,0.439,285644.0,12605375.0,0.439,0.439
561160.SH,20240620,0.439,0.439,0.429,0.429,387744.0,16821088.0,0.429,0.429
561160.SH,20240621,0.43,0.432,0.423,0.427,348960.0,14914742.0,0.427,0.427
561160.SH,20240624,0.425,0.425,0.416,0.417,320480.0,13476414.0,0.417,0.417
561160.SH,20240625,0.417,0.42,0.408,0.41,331473.0,13713175.0,0.41,0.41
561160.SH,20240626,0.409,0.418,0.404,0.417,842220.0,34622384.0,0.417,0.417
561160.SH,20240627,0.415,0.415,0.407,0.407,391641.0,16069106.0,0.407,0.407
561160.SH,20240628,0.406,0.412,0.402,0.403,368665.0,15035396.0,0.403,0.403
561160.SH,20240701,0.403,0.406,0.395,0.403,531288.0,21219666.0,0.403,0.403
561160.SH,20240702,0.403,0.403,0.396,0.397,376057.0,15021065.0,0.397,0.397
561160.SH,20240703,0.399,0.404,0.394,0.4,496848.0,19829308.0,0.4,0.4
561160.SH,20240704,0.399,0.402,0.391,0.392,276306.0,10928979.0,0.392,0.392
561160.SH,20240705,0.391,0.394,0.388,0.393,333573.0,13041692.0,0.393,0.393
561160.SH,20240708,0.392,0.392,0.38,0.381,431990.0,16636598.0,0.381,0.381
561160.SH,20240709,0.381,0.389,0.377,0.387,433809.0,16569276.0,0.387,0.387
561160.SH,20240710,0.385,0.395,0.384,0.386,351607.0,13732505.0,0.386,0.386
561160.SH,20240711,0.391,0.401,0.389,0.4,583142.0,23084838.0,0.4,0.4
561160.SH,20240712,0.397,0.407,0.397,0.404,517945.0,20825546.0,0.404,0.404
561160.SH,20240715,0.4,0.404,0.399,0.401,292167.0,11709245.0,0.401,0.401
561160.SH,20240716,0.4,0.411,0.4,0.411,424934.0,17331792.0,0.411,0.411
561160.SH,20240717,0.41,0.412,0.406,0.409,308062.0,12613248.0,0.409,0.409
561160.SH,20240718,0.407,0.416,0.403,0.413,383165.0,15739453.0,0.413,0.413
561160.SH,20240719,0.411,0.419,0.411,0.417,394713.0,16387850.0,0.417,0.417
561160.SH,20240722,0.417,0.422,0.413,0.416,299631.0,12507574.0,0.416,0.416
561160.SH,20240723,0.414,0.416,0.404,0.405,269713.0,11089887.0,0.405,0.405
561160.SH,20240724,0.402,0.406,0.397,0.398,323279.0,12999194.0,0.398,0.398
561160.SH,20240725,0.395,0.407,0.395,0.402,731371.0,29356176.0,0.402,0.402
561160.SH,20240726,0.4,0.412,0.4,0.407,593049.0,24240504.0,0.407,0.407
561160.SH,20240729,0.407,0.407,0.397,0.398,306404.0,12223640.0,0.398,0.398
561160.SH,20240730,0.396,0.4,0.395,0.398,278979.0,11073981.0,0.398,0.398
561160.SH,20240731,0.396,0.411,0.394,0.41,567557.0,23035214.0,0.41,0.41
561160.SH,20240801,0.409,0.412,0.403,0.406,308594.0,12567399.0,0.406,0.406
561160.SH,20240802,0.403,0.406,0.397,0.399,359693.0,14434098.0,0.399,0.399
561160.SH,20240805,0.398,0.405,0.392,0.392,369301.0,14720602.0,0.392,0.392
561160.SH,20240806,0.397,0.401,0.395,0.4,337732.0,13453595.0,0.4,0.4
561160.SH,20240807,0.397,0.402,0.397,0.399,354667.0,14175893.0,0.399,0.399
561160.SH,20240808,0.397,0.399,0.391,0.395,475887.0,18739640.0,0.395,0.395
561160.SH,20240809,0.397,0.4,0.39,0.39,273662.0,10787281.0,0.39,0.39
561160.SH,20240812,0.391,0.393,0.386,0.386,276425.0,10730602.0,0.386,0.386
561160.SH,20240813,0.387,0.394,0.384,0.392,338043.0,13158526.0,0.392,0.392
561160.SH,20240814,0.392,0.393,0.384,0.384,269503.0,10412680.0,0.384,0.384
561160.SH,20240815,0.385,0.392,0.382,0.388,1372693.0,53466140.0,0.388,0.388
561160.SH,20240816,0.386,0.388,0.383,0.384,254381.0,9799336.0,0.384,0.384
561160.SH,20240819,0.384,0.388,0.382,0.383,180822.0,6954841.0,0.383,0.383
561160.SH,20240820,0.382,0.384,0.376,0.376,301965.0,11449796.0,0.376,0.376
561160.SH,20240821,0.376,0.382,0.373,0.379,663722.0,24962804.0,0.379,0.379
561160.SH,20240822,0.379,0.381,0.376,0.376,272992.0,10316591.0,0.376,0.376
561160.SH,20240823,0.374,0.378,0.373,0.375,342974.0,12859789.0,0.375,0.375
561160.SH,20240826,0.375,0.389,0.375,0.384,423523.0,16298606.0,0.384,0.384
561160.SH,20240827,0.384,0.384,0.374,0.376,238578.0,8997811.0,0.376,0.376
561160.SH,20240828,0.375,0.378,0.373,0.377,311972.0,11710638.0,0.377,0.377
561160.SH,20240829,0.376,0.39,0.374,0.387,454775.0,17455440.0,0.387,0.387
561160.SH,20240830,0.388,0.402,0.386,0.396,658948.0,26053292.0,0.396,0.396
561160.SH,20240902,0.393,0.399,0.387,0.388,348150.0,13679744.0,0.388,0.388
561160.SH,20240903,0.388,0.399,0.385,0.397,393462.0,15478130.0,0.397,0.397
561160.SH,20240904,0.395,0.405,0.394,0.4,532239.0,21289356.0,0.4,0.4
561160.SH,20240905,0.402,0.406,0.399,0.401,511168.0,20519920.0,0.401,0.401
561160.SH,20240906,0.399,0.402,0.392,0.393,406029.0,16061923.0,0.393,0.393
561160.SH,20240909,0.392,0.395,0.387,0.39,333128.0,13023288.0,0.39,0.39
561160.SH,20240910,0.392,0.393,0.383,0.388,358469.0,13877597.0,0.388,0.388
561160.SH,20240911,0.387,0.402,0.384,0.401,693128.0,27599476.0,0.401,0.401
561160.SH,20240912,0.402,0.407,0.398,0.398,687413.0,27663348.0,0.398,0.398
561160.SH,20240913,0.399,0.399,0.387,0.388,453897.0,17739572.0,0.388,0.388
561160.SH,20240918,0.384,0.388,0.382,0.386,416066.0,16012713.0,0.386,0.386
561160.SH,20240919,0.388,0.395,0.383,0.389,379275.0,14752301.0,0.389,0.389
561160.SH,20240920,0.39,0.39,0.381,0.386,430980.0,16575232.0,0.386,0.386
561160.SH,20240923,0.384,0.388,0.382,0.383,336613.0,12930921.0,0.383,0.383
561160.SH,20240924,0.383,0.4,0.381,0.399,842223.0,33000644.0,0.399,0.399
561160.SH,20240925,0.401,0.414,0.401,0.404,940893.0,38316536.0,0.404,0.404
561160.SH,20240926,0.403,0.417,0.399,0.415,1035332.0,42208328.0,0.415,0.415
561160.SH,20240927,0.419,0.452,0.419,0.449,822133.0,35886848.0,0.449,0.449
561160.SH,20240930,0.469,0.494,0.469,0.494,938638.0,45521744.0,0.494,0.494
561160.SH,20241008,0.543,0.543,0.543,0.543,400295.0,21736020.0,0.543,0.543
561160.SH,20241009,0.567,0.569,0.524,0.529,1798538.0,98699248.0,0.529,0.529
561160.SH,20241010,0.526,0.541,0.514,0.521,1149877.0,60672008.0,0.521,0.521
561160.SH,20241011,0.517,0.517,0.482,0.491,588329.0,29138436.0,0.491,0.491
561160.SH,20241014,0.491,0.501,0.482,0.499,796341.0,39059944.0,0.499,0.499
561160.SH,20241015,0.498,0.499,0.484,0.488,394075.0,19337512.0,0.488,0.488
561160.SH,20241016,0.48,0.482,0.468,0.473,649061.0,30731468.0,0.473,0.473
561160.SH,20241017,0.476,0.479,0.466,0.467,689175.0,32665240.0,0.467,0.467
561160.SH,20241018,0.466,0.513,0.466,0.497,1047693.0,50958232.0,0.497,0.497
561160.SH,20241021,0.504,0.516,0.498,0.503,926135.0,46807820.0,0.503,0.503
561160.SH,20241022,0.502,0.509,0.495,0.508,543380.0,27346784.0,0.508,0.508
561160.SH,20241023,0.509,0.53,0.504,0.522,1181149.0,60997952.0,0.522,0.522
561160.SH,20241024,0.522,0.522,0.501,0.503,698622.0,35419832.0,0.503,0.503
561160.SH,20241025,0.506,0.542,0.503,0.529,1025910.0,53751920.0,0.529,0.529
561160.SH,20241028,0.531,0.532,0.519,0.526,641517.0,33611480.0,0.526,0.526
561160.SH,20241029,0.528,0.535,0.513,0.514,586834.0,30635874.0,0.514,0.514
561160.SH,20241030,0.509,0.516,0.504,0.509,397850.0,20283338.0,0.509,0.509
561160.SH,20241031,0.511,0.52,0.504,0.515,627354.0,32233178.0,0.515,0.515
561160.SH,20241101,0.511,0.515,0.5,0.505,601901.0,30525636.0,0.505,0.505
561160.SH,20241104,0.499,0.52,0.499,0.513,437354.0,22387794.0,0.513,0.513
561160.SH,20241105,0.513,0.539,0.511,0.537,1209749.0,63951312.0,0.537,0.537
561160.SH,20241106,0.542,0.563,0.539,0.544,778975.0,42978264.0,0.544,0.544
561160.SH,20241107,0.544,0.55,0.535,0.549,735790.0,39934476.0,0.549,0.549
561160.SH,20241108,0.551,0.569,0.545,0.547,701204.0,39099280.0,0.547,0.547
561160.SH,20241111,0.537,0.576,0.537,0.576,887806.0,50033012.0,0.576,0.576
561160.SH,20241112,0.581,0.592,0.563,0.57,1155580.0,67081544.0,0.57,0.57
561160.SH,20241113,0.563,0.574,0.554,0.573,512308.0,28903518.0,0.573,0.573
561160.SH,20241114,0.576,0.58,0.553,0.555,345528.0,19542676.0,0.555,0.555
561160.SH,20241115,0.553,0.553,0.533,0.534,475572.0,25912258.0,0.534,0.534
561160.SH,20241118,0.532,0.541,0.519,0.522,527483.0,27972058.0,0.522,0.522
561160.SH,20241119,0.522,0.556,0.518,0.55,906190.0,48151856.0,0.55,0.55
561160.SH,20241120,0.55,0.55,0.538,0.546,878324.0,47749512.0,0.546,0.546
561160.SH,20241121,0.542,0.551,0.54,0.546,602790.0,32936658.0,0.546,0.546
561160.SH,20241122,0.545,0.545,0.524,0.525,631071.0,33874768.0,0.525,0.525
561160.SH,20241125,0.525,0.539,0.525,0.535,598314.0,31837000.0,0.535,0.535
561160.SH,20241126,0.534,0.534,0.516,0.517,497130.0,25938588.0,0.517,0.517
561160.SH,20241127,0.512,0.53,0.505,0.529,432600.0,22301264.0,0.529,0.529
561160.SH,20241128,0.53,0.53,0.518,0.52,401394.0,21040768.0,0.52,0.52
561160.SH,20241129,0.516,0.535,0.515,0.527,471838.0,24826076.0,0.527,0.527
561160.SH,20241202,0.525,0.535,0.52,0.535,480718.0,25498630.0,0.535,0.535
561160.SH,20241203,0.532,0.534,0.525,0.53,415333.0,21990718.0,0.53,0.53
561160.SH,20241204,0.53,0.53,0.517,0.519,525757.0,27383342.0,0.519,0.519
561160.SH,20241205,0.518,0.522,0.515,0.518,308702.0,16014970.0,0.518,0.518
561160.SH,20241206,0.518,0.531,0.511,0.528,462421.0,24157704.0,0.528,0.528
561160.SH,20241209,0.526,0.531,0.521,0.527,353186.0,18590688.0,0.527,0.527
561160.SH,20241210,0.542,0.546,0.524,0.525,643493.0,34314984.0,0.525,0.525
561160.SH,20241211,0.525,0.527,0.519,0.523,353846.0,18492392.0,0.523,0.523
561160.SH,20241212,0.522,0.528,0.519,0.526,360195.0,18835588.0,0.526,0.526
561160.SH,20241213,0.524,0.524,0.512,0.513,479180.0,24685280.0,0.513,0.513
561160.SH,20241216,0.514,0.514,0.503,0.504,326013.0,16518624.0,0.504,0.504
561160.SH,20241217,0.504,0.514,0.504,0.506,539097.0,27404504.0,0.506,0.506
561160.SH,20241218,0.509,0.509,0.502,0.504,342271.0,17279752.0,0.504,0.504
561160.SH,20241219,0.497,0.506,0.496,0.504,323743.0,16227703.0,0.504,0.504
561160.SH,20241220,0.504,0.507,0.501,0.503,258388.0,13030340.0,0.503,0.503
561160.SH,20241223,0.503,0.508,0.496,0.497,376621.0,18889328.0,0.497,0.497
561160.SH,20241224,0.498,0.509,0.498,0.505,334088.0,16872706.0,0.505,0.505
561160.SH,20241225,0.508,0.508,0.496,0.498,350127.0,17495784.0,0.498,0.498
561160.SH,20241226,0.5,0.505,0.5,0.502,259876.0,13061002.0,0.502,0.502
561160.SH,20241227,0.503,0.507,0.498,0.501,434350.0,21826216.0,0.501,0.501
561160.SH,20241230,0.5,0.505,0.499,0.5,264173.0,13237228.0,0.5,0.5
561160.SH,20241231,0.5,0.504,0.489,0.491,369695.0,18317406.0,0.491,0.491
561160.SH,20250102,0.493,0.493,0.469,0.474,460340.0,22047736.0,0.474,0.474
561160.SH,20250103,0.474,0.476,0.461,0.462,373329.0,17479316.0,0.462,0.462
561160.SH,20250106,0.462,0.471,0.461,0.467,537387.0,25089988.0,0.467,0.467
561160.SH,20250107,0.464,0.469,0.46,0.469,334423.0,15575779.0,0.469,0.469
561160.SH,20250108,0.465,0.471,0.455,0.466,423383.0,19597650.0,0.466,0.466
561160.SH,20250109,0.464,0.476,0.463,0.473,847638.0,40062912.0,0.473,0.473
561160.SH,20250110,0.472,0.476,0.464,0.464,397016.0,18705488.0,0.464,0.464
561160.SH,20250113,0.46,0.473,0.459,0.467,470710.0,22021164.0,0.467,0.467
561160.SH,20250114,0.466,0.487,0.464,0.486,483617.0,23065404.0,0.486,0.486
561160.SH,20250115,0.485,0.487,0.479,0.48,372556.0,17955896.0,0.48,0.48
561160.SH,20250116,0.481,0.491,0.477,0.481,396294.0,19115260.0,0.481,0.481
561160.SH,20250117,0.481,0.488,0.478,0.484,349442.0,16891536.0,0.484,0.484
561160.SH,20250120,0.487,0.499,0.487,0.494,456765.0,22623548.0,0.494,0.494
561160.SH,20250121,0.498,0.498,0.487,0.494,450814.0,22135814.0,0.494,0.494
561160.SH,20250122,0.493,0.493,0.482,0.485,393776.0,19101180.0,0.485,0.485
561160.SH,20250123,0.488,0.493,0.482,0.482,329069.0,16036874.0,0.482,0.482
561160.SH,20250124,0.481,0.493,0.479,0.489,397773.0,19391950.0,0.489,0.489
561160.SH,20250127,0.489,0.492,0.481,0.481,385081.0,18681844.0,0.481,0.481
561160.SH,20250205,0.481,0.486,0.479,0.484,310528.0,14986665.0,0.484,0.484
561160.SH,20250206,0.484,0.5,0.48,0.499,444605.0,21932884.0,0.499,0.499
561160.SH,20250207,0.499,0.514,0.498,0.509,639110.0,32426452.0,0.509,0.509
561160.SH,20250210,0.508,0.51,0.498,0.506,511459.0,25733850.0,0.506,0.506
561160.SH,20250211,0.506,0.506,0.498,0.501,345548.0,17280072.0,0.501,0.501
561160.SH,20250212,0.5,0.508,0.494,0.508,442569.0,22269928.0,0.508,0.508
561160.SH,20250213,0.51,0.513,0.504,0.505,461840.0,23517276.0,0.505,0.505
561160.SH,20250214,0.506,0.514,0.503,0.509,809061.0,41231952.0,0.509,0.509
561160.SH,20250217,0.509,0.514,0.504,0.508,495565.0,25154404.0,0.508,0.508
561160.SH,20250218,0.519,0.521,0.507,0.511,853066.0,44031112.0,0.511,0.511
561160.SH,20250219,0.508,0.519,0.505,0.518,473840.0,24368256.0,0.518,0.518
561160.SH,20250220,0.519,0.519,0.51,0.516,531490.0,27331532.0,0.516,0.516
561160.SH,20250221,0.516,0.529,0.516,0.529,838579.0,44047936.0,0.529,0.529
561160.SH,20250224,0.535,0.535,0.522,0.528,571353.0,30122980.0,0.528,0.528
561160.SH,20250225,0.523,0.531,0.521,0.524,732112.0,38526660.0,0.524,0.524
561160.SH,20250226,0.524,0.537,0.524,0.535,584459.0,31106162.0,0.535,0.535
561160.SH,20250227,0.536,0.542,0.528,0.537,823730.0,44124796.0,0.537,0.537
561160.SH,20250228,0.533,0.539,0.521,0.521,551574.0,29314032.0,0.521,0.521
561160.SH,20250303,0.522,0.551,0.522,0.542,1242847.0,67263896.0,0.542,0.542
561160.SH,20250304,0.534,0.534,0.522,0.531,837271.0,44174360.0,0.531,0.531
561160.SH,20250305,0.529,0.531,0.52,0.527,650563.0,34093004.0,0.527,0.527
561160.SH,20250306,0.53,0.535,0.526,0.533,598755.0,31830690.0,0.533,0.533
561160.SH,20250307,0.529,0.531,0.521,0.526,686367.0,36155768.0,0.526,0.526
561160.SH,20250310,0.526,0.53,0.519,0.524,380616.0,19928520.0,0.524,0.524
561160.SH,20250311,0.517,0.526,0.516,0.526,485366.0,25309972.0,0.526,0.526
561160.SH,20250312,0.528,0.529,0.524,0.525,414127.0,21804256.0,0.525,0.525
561160.SH,20250313,0.523,0.529,0.514,0.517,437053.0,22744444.0,0.517,0.517
561160.SH,20250314,0.518,0.53,0.513,0.528,557071.0,29187180.0,0.528,0.528
561160.SH,20250317,0.529,0.531,0.525,0.528,369287.0,19504826.0,0.528,0.528
561160.SH,20250318,0.529,0.534,0.527,0.528,317382.0,16789724.0,0.528,0.528
561160.SH,20250319,0.526,0.534,0.521,0.529,432839.0,22861400.0,0.529,0.529
561160.SH,20250320,0.527,0.529,0.523,0.524,310279.0,16316183.0,0.524,0.524
561160.SH,20250321,0.524,0.524,0.51,0.511,404684.0,20922612.0,0.511,0.511
561160.SH,20250324,0.512,0.512,0.5,0.51,444198.0,22436946.0,0.51,0.51
561160.SH,20250325,0.509,0.517,0.508,0.513,964903.0,49667960.0,0.513,0.513
561160.SH,20250326,0.511,0.519,0.511,0.514,193727.0,9986392.0,0.514,0.514
561160.SH,20250327,0.513,0.519,0.508,0.513,298702.0,15337639.0,0.513,0.513
561160.SH,20250328,0.511,0.516,0.508,0.51,204221.0,10430365.0,0.51,0.51
561160.SH,20250331,0.506,0.509,0.494,0.498,995290.0,49425004.0,0.498,0.498
561160.SH,20250401,0.5,0.506,0.497,0.5,279890.0,14041942.0,0.5,0.5
561160.SH,20250402,0.5,0.506,0.499,0.502,162672.0,8169613.0,0.502,0.502
561160.SH,20250403,0.498,0.499,0.488,0.49,374296.0,18396696.0,0.49,0.49
561160.SH,20250407,0.466,0.469,0.441,0.441,367599.0,16416425.0,0.441,0.441
561160.SH,20250408,0.438,0.438,0.416,0.423,634125.0,26907732.0,0.423,0.423
561160.SH,20250409,0.411,0.43,0.401,0.428,527439.0,22111956.0,0.428,0.428
561160.SH,20250410,0.437,0.449,0.437,0.439,428842.0,18993152.0,0.439,0.439
561160.SH,20250411,0.437,0.449,0.432,0.446,392461.0,17379976.0,0.446,0.446
561160.SH,20250414,0.454,0.455,0.446,0.448,253341.0,11381176.0,0.448,0.448
561160.SH,20250415,0.45,0.453,0.445,0.449,355293.0,15934503.0,0.449,0.449
561160.SH,20250416,0.446,0.447,0.434,0.44,346838.0,15232016.0,0.44,0.44
561160.SH,20250417,0.438,0.444,0.436,0.439,249618.0,10997504.0,0.439,0.439
561160.SH,20250418,0.437,0.443,0.437,0.442,303313.0,13367573.0,0.442,0.442
561160.SH,20250421,0.443,0.453,0.438,0.453,250227.0,11197693.0,0.453,0.453
561160.SH,20250422,0.453,0.453,0.447,0.448,259122.0,11644841.0,0.448,0.448
561160.SH,20250423,0.45,0.458,0.45,0.456,306997.0,13947638.0,0.456,0.456
561160.SH,20250424,0.458,0.458,0.45,0.452,356550.0,16197360.0,0.452,0.452
561160.SH,20250425,0.452,0.458,0.452,0.454,279998.0,12739034.0,0.454,0.454
561160.SH,20250428,0.455,0.458,0.452,0.454,209971.0,9526793.0,0.454,0.454
561160.SH,20250429,0.454,0.456,0.451,0.453,475001.0,21546488.0,0.453,0.453
561160.SH,20250430,0.453,0.459,0.453,0.457,359605.0,16438530.0,0.457,0.457
561160.SH,20250506,0.46,0.468,0.46,0.467,435550.0,20271398.0,0.467,0.467
561160.SH,20250507,0.472,0.477,0.463,0.468,378173.0,17680880.0,0.468,0.468
561160.SH,20250508,0.468,0.478,0.465,0.476,346101.0,16397582.0,0.476,0.476
561160.SH,20250509,0.476,0.476,0.466,0.473,479684.0,22552206.0,0.473,0.473
561160.SH,20250512,0.479,0.489,0.479,0.489,412312.0,20030456.0,0.489,0.489
561160.SH,20250513,0.494,0.495,0.487,0.489,388799.0,19068580.0,0.489,0.489
561160.SH,20250514,0.489,0.491,0.483,0.488,417121.0,20284960.0,0.488,0.488
561160.SH,20250515,0.487,0.487,0.477,0.477,280400.0,13446409.0,0.477,0.477
561160.SH,20250516,0.477,0.484,0.474,0.48,338285.0,16281465.0,0.48,0.48
561160.SH,20250519,0.481,0.481,0.473,0.48,418825.0,19969632.0,0.48,0.48
561160.SH,20250520,0.48,0.483,0.475,0.48,266437.0,12784926.0,0.48,0.48
561160.SH,20250521,0.481,0.493,0.48,0.489,417815.0,20412744.0,0.489,0.489
561160.SH,20250522,0.486,0.487,0.479,0.48,300271.0,14480969.0,0.48,0.48
561160.SH,20250523,0.478,0.484,0.474,0.475,194723.0,9329173.0,0.475,0.475
561160.SH,20250526,0.471,0.474,0.467,0.47,195927.0,9206963.0,0.47,0.47
561160.SH,20250527,0.47,0.471,0.463,0.468,243541.0,11362530.0,0.468,0.468
561160.SH,20250528,0.465,0.47,0.462,0.464,168992.0,7857135.0,0.464,0.464
561160.SH,20250529,0.464,0.47,0.463,0.469,174723.0,8170441.0,0.469,0.469
561160.SH,20250530,0.469,0.469,0.461,0.461,154912.0,7168280.0,0.461,0.461
561160.SH,20250603,0.458,0.464,0.458,0.461,210043.0,9674651.0,0.461,0.461
561160.SH,20250604,0.462,0.47,0.462,0.467,212890.0,9934117.0,0.467,0.467
561160.SH,20250605,0.468,0.47,0.463,0.469,148079.0,6916411.0,0.469,0.469
561160.SH,20250606,0.469,0.472,0.467,0.468,95467.0,4476177.0,0.468,0.468
561160.SH,20250609,0.467,0.475,0.467,0.473,207022.0,9786358.0,0.473,0.473
561160.SH,20250610,0.473,0.478,0.466,0.47,309607.0,14666186.0,0.47,0.47
561160.SH,20250611,0.469,0.48,0.469,0.476,364748.0,17414660.0,0.476,0.476
561160.SH,20250612,0.475,0.478,0.471,0.475,261670.0,12395611.0,0.475,0.475
561160.SH,20250613,0.473,0.475,0.468,0.468,232598.0,10953080.0,0.468,0.468
561160.SH,20250616,0.468,0.471,0.467,0.468,194380.0,9104885.0,0.468,0.468
561160.SH,20250617,0.469,0.474,0.467,0.47,230016.0,10824062.0,0.47,0.47
561160.SH,20250618,0.468,0.474,0.468,0.474,236041.0,11131219.0,0.474,0.474
561160.SH,20250619,0.474,0.48,0.466,0.468,278847.0,13241331.0,0.468,0.468
561160.SH,20250620,0.469,0.475,0.464,0.466,258482.0,12124060.0,0.466,0.466
561160.SH,20250623,0.463,0.474,0.461,0.474,291214.0,13696922.0,0.474,0.474
561160.SH,20250624,0.473,0.493,0.473,0.492,650038.0,31601732.0,0.492,0.492
561160.SH,20250625,0.493,0.501,0.492,0.501,630003.0,31308442.0,0.501,0.501
561160.SH,20250626,0.498,0.506,0.495,0.496,584206.0,29269612.0,0.496,0.496
561160.SH,20250627,0.497,0.506,0.495,0.496,430790.0,21552836.0,0.496,0.496
561160.SH,20250630,0.496,0.502,0.495,0.501,363765.0,18133494.0,0.501,0.501
561160.SH,20250701,0.5,0.502,0.491,0.498,376333.0,18655032.0,0.498,0.498
561160.SH,20250702,0.498,0.498,0.492,0.496,250363.0,12372756.0,0.496,0.496
561160.SH,20250703,0.496,0.505,0.492,0.504,395752.0,19779960.0,0.504,0.504
561160.SH,20250704,0.503,0.504,0.494,0.496,326732.0,16246246.0,0.496,0.496
561160.SH,20250707,0.493,0.495,0.49,0.492,267029.0,13150677.0,0.492,0.492
561160.SH,20250708,0.492,0.506,0.492,0.504,458410.0,22897066.0,0.504,0.504
561160.SH,20250709,0.503,0.509,0.501,0.502,297336.0,15029293.0,0.502,0.502
561160.SH,20250710,0.502,0.507,0.5,0.505,290196.0,14642278.0,0.505,0.505
561160.SH,20250711,0.506,0.512,0.501,0.508,375226.0,19027052.0,0.508,0.508
561160.SH,20250714,0.508,0.51,0.504,0.506,327083.0,16569205.0,0.506,0.506
561160.SH,20250715,0.506,0.511,0.499,0.503,334596.0,16878044.0,0.503,0.503
561160.SH,20250716,0.504,0.508,0.502,0.506,345988.0,17486652.0,0.506,0.506
561160.SH,20250717,0.507,0.512,0.505,0.512,403875.0,20512300.0,0.512,0.512
561160.SH,20250718,0.516,0.519,0.51,0.514,442459.0,22805640.0,0.514,0.514
561160.SH,20250721,0.514,0.518,0.512,0.518,359215.0,18553652.0,0.518,0.518
561160.SH,20250722,0.517,0.527,0.515,0.525,529482.0,27662918.0,0.525,0.525
561160.SH,20250723,0.526,0.527,0.518,0.52,468304.0,24475306.0,0.52,0.52
561160.SH,20250724,0.52,0.531,0.519,0.53,563464.0,29698400.0,0.53,0.53
561160.SH,20250725,0.532,0.533,0.526,0.526,409142.0,21610968.0,0.526,0.526
561160.SH,20250728,0.526,0.533,0.524,0.53,572305.0,30263986.0,0.53,0.53
561160.SH,20250729,0.528,0.532,0.525,0.532,322527.0,17059236.0,0.532,0.532
561160.SH,20250730,0.532,0.532,0.515,0.518,593802.0,31024728.0,0.518,0.518
561160.SH,20250731,0.516,0.522,0.504,0.506,463725.0,23747164.0,0.506,0.506
561160.SH,20250801,0.507,0.512,0.505,0.508,330939.0,16830546.0,0.508,0.508
561160.SH,20250804,0.503,0.51,0.502,0.51,238909.0,12066736.0,0.51,0.51
561160.SH,20250805,0.512,0.515,0.51,0.515,266693.0,13666837.0,0.515,0.515
561160.SH,20250806,0.515,0.521,0.511,0.521,301558.0,15579653.0,0.521,0.521
561160.SH,20250807,0.522,0.523,0.513,0.516,315599.0,16303001.0,0.516,0.516
561160.SH,20250808,0.516,0.525,0.513,0.519,413844.0,21489942.0,0.519,0.519
561160.SH,20250811,0.528,0.535,0.523,0.535,728038.0,38517968.0,0.535,0.535
561160.SH,20250812,0.534,0.535,0.527,0.535,652092.0,34669768.0,0.535,0.535
561160.SH,20250813,0.535,0.545,0.534,0.543,610343.0,32936588.0,0.543,0.543
561160.SH,20250814,0.545,0.546,0.533,0.538,514788.0,27840988.0,0.538,0.538
561160.SH,20250815,0.538,0.558,0.537,0.557,685420.0,37807760.0,0.557,0.557
561160.SH,20250818,0.561,0.571,0.558,0.565,620430.0,35006020.0,0.565,0.565
561160.SH,20250819,0.565,0.577,0.561,0.57,501738.0,28536744.0,0.57,0.57
561160.SH,20250820,0.567,0.573,0.56,0.572,513873.0,29089588.0,0.572,0.572
561160.SH,20250821,0.572,0.573,0.562,0.564,483380.0,27400720.0,0.564,0.564
561160.SH,20250822,0.564,0.579,0.564,0.579,641598.0,36793428.0,0.579,0.579
561160.SH,20250825,0.582,0.597,0.582,0.592,753704.0,44334552.0,0.592,0.592
561160.SH,20250826,0.588,0.593,0.582,0.587,641456.0,37723400.0,0.587,0.587
561160.SH,20250827,0.586,0.603,0.58,0.581,824882.0,48904480.0,0.581,0.581
561160.SH,20250828,0.579,0.594,0.575,0.591,855356.0,50166292.0,0.591,0.591
561160.SH,20250829,0.592,0.634,0.592,0.62,1462628.0,90156648.0,0.62,0.62
561160.SH,20250901,0.628,0.631,0.615,0.627,1632164.0,101708072.0,0.627,0.627
561160.SH,20250902,0.627,0.642,0.616,0.624,1356008.0,85081096.0,0.624,0.624
561160.SH,20250903,0.627,0.648,0.624,0.644,1943244.0,124336560.0,0.644,0.644
561160.SH,20250904,0.646,0.678,0.632,0.653,3526236.0,231360640.0,0.653,0.653
561160.SH,20250905,0.643,0.718,0.635,0.718,4609732.0,320481536.0,0.718,0.718
561160.SH,20250908,0.733,0.753,0.713,0.739,4824178.0,352322048.0,0.739,0.739
561160.SH,20250909,0.722,0.739,0.716,0.728,2932086.0,213462448.0,0.728,0.728
561160.SH,20250910,0.711,0.722,0.704,0.714,2991528.0,213253008.0,0.714,0.714
561160.SH,20250911,0.71,0.74,0.702,0.739,2345259.0,169565184.0,0.739,0.739
561160.SH,20250912,0.74,0.744,0.722,0.73,2768128.0,202989568.0,0.73,0.73
561160.SH,20250915,0.736,0.777,0.736,0.747,2993829.0,227350208.0,0.747,0.747
561160.SH,20250916,0.742,0.757,0.733,0.756,2064010.0,154080176.0,0.756,0.756
561160.SH,20250917,0.756,0.776,0.749,0.768,1954175.0,148927952.0,0.768,0.768
561160.SH,20250918,0.768,0.784,0.751,0.77,2386010.0,183551632.0,0.77,0.77
561160.SH,20250919,0.772,0.775,0.754,0.756,1414156.0,107975472.0,0.756,0.756
561160.SH,20250922,0.758,0.767,0.748,0.763,1764600.0,133483480.0,0.763,0.763
561160.SH,20250923,0.763,0.792,0.756,0.781,2206552.0,171368128.0,0.781,0.781
561160.SH,20250924,0.775,0.812,0.77,0.811,2443123.0,194028288.0,0.811,0.811
561160.SH,20250925,0.811,0.832,0.805,0.819,1884789.0,153894400.0,0.819,0.819
561160.SH,20250926,0.81,0.833,0.802,0.806,1769552.0,144492400.0,0.806,0.806
561160.SH,20250929,0.815,0.856,0.815,0.845,2466024.0,206975632.0,0.845,0.845
561160.SH,20250930,0.847,0.87,0.84,0.868,2215863.0,190608688.0,0.868,0.868
561160.SH,20251009,0.881,0.888,0.861,0.874,3301297.0,287942304.0,0.874,0.874
561160.SH,20251010,0.868,0.868,0.801,0.809,4547848.0,375188448.0,0.809,0.809
561160.SH,20251013,0.757,0.807,0.757,0.8,2498360.0,197374800.0,0.8,0.8
561160.SH,20251014,0.811,0.82,0.763,0.769,2503077.0,198570000.0,0.769,0.769
561160.SH,20251015,0.764,0.797,0.754,0.797,2133683.0,165637824.0,0.797,0.797
561160.SH,20251016,0.79,0.813,0.783,0.805,1901090.0,152498192.0,0.805,0.805
561160.SH,20251017,0.798,0.804,0.758,0.762,2756387.0,212498688.0,0.762,0.762
561160.SH,20251020,0.773,0.793,0.768,0.778,1908778.0,148836624.0,0.778,0.778
561160.SH,20251021,0.787,0.797,0.773,0.792,1812220.0,142740624.0,0.792,0.792
561160.SH,20251022,0.783,0.789,0.771,0.779,1309480.0,101797776.0,0.779,0.779
561160.SH,20251023,0.77,0.789,0.762,0.789,1461368.0,113464008.0,0.789,0.789
561160.SH,20251024,0.797,0.812,0.79,0.812,1989063.0,159942000.0,0.812,0.812
561160.SH,20251027,0.82,0.829,0.8,0.814,3313953.0,269387200.0,0.814,0.814
561160.SH,20251028,0.808,0.829,0.805,0.82,1940537.0,158656032.0,0.82,0.82
561160.SH,20251029,0.819,0.872,0.817,0.872,3416136.0,290741472.0,0.872,0.872
561160.SH,20251030,0.874,0.895,0.873,0.877,3069173.0,270878560.0,0.877,0.877
561160.SH,20251031,0.873,0.912,0.872,0.873,3337717.0,297151808.0,0.873,0.873
561160.SH,20251103,0.866,0.88,0.846,0.874,1813416.0,156548656.0,0.874,0.874
561160.SH,20251104,0.868,0.874,0.837,0.844,1251486.0,106642032.0,0.844,0.844
561160.SH,20251105,0.821,0.88,0.818,0.875,2030724.0,174384320.0,0.875,0.875
561160.SH,20251106,0.872,0.898,0.872,0.893,1758527.0,155754448.0,0.893,0.893
561160.SH,20251107,0.89,0.913,0.879,0.903,1617046.0,145253600.0,0.903,0.903
561160.SH,20251110,0.909,0.919,0.874,0.884,1893370.0,168687904.0,0.884,0.884
561160.SH,20251111,0.889,0.901,0.877,0.881,1042632.0,92576200.0,0.881,0.881
561160.SH,20251112,0.87,0.875,0.846,0.86,1833160.0,157078416.0,0.86,0.86
561160.SH,20251113,0.858,0.923,0.858,0.914,2566159.0,231308064.0,0.914,0.914
561160.SH,20251114,0.898,0.911,0.888,0.889,1803349.0,161901184.0,0.889,0.889
561160.SH,20251117,0.889,0.904,0.876,0.897,5083787.0,454058816.0,0.897,0.897
561160.SH,20251118,0.897,0.897,0.85,0.857,2433790.0,210046640.0,0.857,0.857
561160.SH,20251119,0.854,0.869,0.85,0.859,1431652.0,122956040.0,0.859,0.859
561160.SH,20251120,0.861,0.876,0.841,0.842,1551065.0,132987240.0,0.842,0.842
561160.SH,20251121,0.819,0.824,0.792,0.794,2165997.0,174027472.0,0.794,0.794
561160.SH,20251124,0.795,0.802,0.783,0.791,1502124.0,118797184.0,0.791,0.791
561160.SH,20251125,0.801,0.819,0.797,0.81,1256776.0,101695904.0,0.81,0.81
561160.SH,20251126,0.809,0.824,0.8,0.813,958044.0,77778560.0,0.813,0.813
561160.SH,20251127,0.812,0.838,0.81,0.815,1516065.0,124835352.0,0.815,0.815
561160.SH,20251202,0.826,0.826,0.811,0.815,1078230.0,88065280.0,0.815,0.815
561160.SH,20251205,0.807,0.822,0.8,0.818,1076335.0,87520176.0,0.818,0.818
561160.SH,20251208,0.818,0.838,0.813,0.834,956057.0,79186920.0,0.834,0.834
561160.SH,20251209,0.829,0.841,0.821,0.828,687757.0,57045588.0,0.828,0.828
561160.SH,20251210,0.826,0.828,0.81,0.821,836732.0,68265016.0,0.821,0.821
561160.SH,20251215,0.805,0.815,0.793,0.797,870490.0,69747056.0,0.797,0.797
561160.SH,20251216,0.795,0.795,0.769,0.776,798332.0,62115288.0,0.776,0.776
561160.SH,20251217,0.778,0.805,0.778,0.805,1452540.0,115065368.0,0.805,0.805
561160.SH,20251218,0.801,0.803,0.782,0.784,905370.0,71531128.0,0.784,0.784
561160.SH,20251219,0.785,0.796,0.783,0.79,647381.0,51115732.0,0.79,0.79
561160.SH,20251222,0.794,0.805,0.793,0.802,775629.0,62147560.0,0.802,0.802
561160.SH,20251223,0.806,0.829,0.802,0.822,1500002.0,122663272.0,0.822,0.822
561160.SH,20251224,0.823,0.829,0.817,0.827,1117655.0,91962160.0,0.827,0.827
561160.SH,20251225,0.822,0.835,0.817,0.833,984922.0,81262976.0,0.833,0.833
561160.SH,20251226,0.841,0.864,0.837,0.852,1685969.0,143163216.0,0.852,0.852
561160.SH,20251229,0.85,0.852,0.828,0.832,1584613.0,132444424.0,0.832,0.832
561160.SH,20251230,0.822,0.852,0.82,0.847,1150010.0,96013176.0,0.847,0.847
561160.SH,20251231,0.848,0.852,0.835,0.837,755063.0,63534756.0,0.837,0.837
