stock_code,trade_date,open,high,low,close,volume,amount,close_org,close_back
159001.SZ,20250711,100.0,100.001,99.999,100.0,28917.0,289170592.0,100.0,100.0
159003.SZ,20250711,100.0,100.001,99.999,100.0,1998.0,19979360.0,100.0,100.0
159005.SZ,20250711,100.0,100.0,99.999,100.0,1072.0,10724035.0,100.0,100.0
159150.SZ,20250711,1.195,1.213,1.195,1.205,118359.0,14261647.0,1.205,1.205
159201.SZ,20250711,1.03,1.04,1.029,1.033,2953327.0,305843936.0,1.033,1.033
159202.SZ,20250711,1.038,1.059,1.038,1.052,344979.0,36318888.0,1.052,1.052
159203.SZ,20250711,1.018,1.035,1.018,1.022,78670.0,8078795.0,1.022,1.022
159205.SZ,20250711,1.061,1.078,1.056,1.07,109663.0,11732781.0,1.07,1.07
159206.SZ,20250711,1.0,1.005,0.994,1.002,108078.0,10814888.0,1.002,1.002
159207.SZ,20250711,1.0223999996185302,1.0343999996185302,1.0163999996185302,1.0163999996185302,266271.0,28692592.0,1.071,1.071
159208.SZ,20250711,1.108,1.122,1.103,1.119,76847.0,8576695.0,1.119,1.119
159209.SZ,20250711,1.0019999998174607,1.0119999998174607,0.9999999998174607,1.0049999998174608,135407.0,13904473.0,1.026,1.026
159210.SZ,20250711,0.972,0.985,0.972,0.978,217509.0,21314804.0,0.978,0.978
159211.SZ,20250711,1.091,1.1,1.091,1.094,2961.0,324858.0,1.094,1.094
159212.SZ,20250711,1.092,1.11,1.092,1.1,648237.0,71463632.0,1.1,1.1
159213.SZ,20250711,1.0,1.022,0.995,1.017,136752.0,13830383.0,1.017,1.017
159215.SZ,20250711,1.037,1.051,1.035,1.041,768805.0,80136992.0,1.041,1.041
159216.SZ,20250711,1.124,1.133,1.124,1.126,26611.0,2997989.0,1.126,1.126
159217.SZ,20250711,1.3,1.32,1.299,1.315,5359146.0,702854464.0,1.315,1.315
159218.SZ,20250711,1.059,1.07,1.055,1.066,51322.0,5467121.0,1.066,1.066
159219.SZ,20250711,1.058,1.062,1.044,1.052,80154.0,8464737.0,1.052,1.052
159220.SZ,20250711,0.557,0.5615,0.556,0.5585,130867.0,14640853.0,1.117,1.117
159221.SZ,20250711,1.0255999996513128,1.0375999996513128,1.0255999996513128,1.0305999996513129,261656.0,27766034.0,1.06,1.06
159222.SZ,20250711,1.09,1.101,1.089,1.093,1280118.0,140151248.0,1.093,1.093
159223.SZ,20250711,1.006,1.019,1.006,1.014,251807.0,25555912.0,1.014,1.014
159225.SZ,20250711,1.092,1.1,1.084,1.09,108618.0,11859846.0,1.09,1.09
159226.SZ,20250711,1.032,1.045,1.032,1.035,172476.0,17931886.0,1.035,1.035
159227.SZ,20250711,1.09,1.102,1.085,1.1,783211.0,85764928.0,1.1,1.1
159228.SZ,20250711,1.035,1.04,1.031,1.031,45415.0,4705750.0,1.031,1.031
159229.SZ,20250711,1.041,1.056,1.041,1.047,125043.0,13154541.0,1.047,1.047
159230.SZ,20250711,1.066,1.075,1.063,1.071,18313.0,1957067.0,1.071,1.071
159231.SZ,20250711,0.5585,0.5625,0.5555,0.5615,31693.0,3545448.0,1.123,1.123
159232.SZ,20250711,1.0390000004470348,1.054000000447035,1.0390000004470348,1.0470000004470348,759053.0,81001848.0,1.067,1.067
159233.SZ,20250711,1.022,1.035,1.022,1.027,334932.0,34482892.0,1.027,1.027
159235.SZ,20250711,1.058,1.075,1.058,1.066,1010100.0,107993224.0,1.066,1.066
159236.SZ,20250711,1.04,1.054,1.04,1.046,220312.0,23101134.0,1.046,1.046
159237.SZ,20250711,1.003,1.012,1.003,1.006,551790.0,55654472.0,1.006,1.006
159238.SZ,20250711,1.051,1.062,1.049,1.05,64256.0,6779874.0,1.05,1.05
159239.SZ,20250711,0.989,0.995,0.985,0.991,152817.0,15133132.0,0.991,0.991
159240.SZ,20250711,1.025,1.044,1.025,1.037,82060.0,8508487.0,1.037,1.037
159241.SZ,20250711,1.1,1.113,1.097,1.111,489724.0,54239484.0,1.111,1.111
159245.SZ,20250711,1.014,1.02,1.008,1.008,298218.0,30293676.0,1.008,1.008
159246.SZ,20250711,0.5045,0.5095,0.5,0.507,649516.0,65738380.0,1.014,1.014
159249.SZ,20250711,1.008,1.02,1.006,1.012,244868.0,24829776.0,1.012,1.012
159261.SZ,20250711,1.02,1.032,1.014,1.026,324923.0,33295336.0,1.026,1.026
159262.SZ,20250711,0.999,1.018,0.998,1.011,4865079.0,492472288.0,1.011,1.011
159263.SZ,20250711,1.013,1.02,1.009,1.011,409944.0,41632088.0,1.011,1.011
159265.SZ,20250711,1.022,1.03,1.014,1.016,624705.0,63798632.0,1.016,1.016
159269.SZ,20250711,0.99,1.005,0.987,1.002,2874052.0,287854912.0,1.002,1.002
159300.SZ,20250711,4.162,4.228,4.161,4.178,412089.0,172670672.0,4.178,1.165244313955307
159301.SZ,20250711,0.938,0.942,0.936,0.939,28075.0,2637720.0,0.939,0.939
159302.SZ,20250711,1.279,1.302,1.279,1.289,155303.0,20090220.0,1.289,1.289
159303.SZ,20250711,1.609,1.631,1.607,1.627,308835.0,50149716.0,1.627,1.627
159305.SZ,20250711,1.219,1.228,1.211,1.221,24143.0,2952001.0,1.221,1.221
159306.SZ,20250711,1.099,1.109,1.096,1.104,2127.0,234804.0,1.104,1.104
159307.SZ,20250711,1.0570999994575978,1.0630999994575978,1.0530999994575978,1.0540999994575977,232193.0,25159700.0,1.079,1.1296000006571412
159309.SZ,20250711,0.981,0.986,0.979,0.982,99707.0,9800082.0,0.982,0.982
159310.SZ,20250711,1.428,1.457,1.424,1.45,30783.0,4434552.0,1.45,1.45
159312.SZ,20250711,1.183,1.203,1.183,1.195,127772.0,15293202.0,1.195,1.195
159315.SZ,20250711,1.198,1.211,1.197,1.205,29008.0,3489623.0,1.205,1.205
159316.SZ,20250711,1.316,1.333,1.311,1.329,3666613.0,485564992.0,1.329,1.329
159318.SZ,20250711,1.325,1.337,1.316,1.33,103788.0,13819976.0,1.33,1.33
159320.SZ,20250711,1.032,1.04,1.032,1.035,9125.0,945455.0,1.035,1.035
159321.SZ,20250711,1.128,1.138,1.125,1.132,59188.0,6693377.0,1.132,1.132
159322.SZ,20250711,1.191,1.203,1.187,1.197,25393.0,3031208.0,1.197,1.197
159323.SZ,20250711,1.212,1.226,1.212,1.219,552801.0,67445480.0,1.219,1.219
159325.SZ,20250711,1.041,1.06,1.039,1.056,150573.0,15837069.0,1.056,1.056
159326.SZ,20250711,1.092,1.095,1.087,1.09,36700.0,4003371.0,1.09,1.09
159327.SZ,20250711,1.237,1.251,1.232,1.248,46587.0,5792275.0,1.248,1.248
159328.SZ,20250711,0.974,0.984,0.974,0.981,14182.0,1387341.0,0.981,0.981
159329.SZ,20250711,0.989,0.99,0.988,0.989,918158.0,90814928.0,0.989,0.989
159330.SZ,20250711,1.218,1.236,1.217,1.222,2836709.0,348260576.0,1.222,1.222
159331.SZ,20250711,1.2582999990917743,1.2832999990917742,1.2582999990917743,1.2752999990917742,217804.0,28368082.0,1.303,1.3260999999912455
159332.SZ,20250711,1.1517000005766749,1.158700000576675,1.1437000005766749,1.146700000576675,20083.0,2367874.0,1.175,1.1817999998573214
159333.SZ,20250711,1.3589999999552964,1.3759999999552965,1.3529999999552964,1.3639999999552965,381840.0,53067008.0,1.387,1.387
159335.SZ,20250711,1.201,1.211,1.195,1.203,19015.0,2294793.0,1.203,1.203
159336.SZ,20250711,1.0100000006705523,1.0280000006705523,1.0100000006705523,1.0200000006705523,141976.0,14933715.0,1.05,1.05
159337.SZ,20250711,1.331,1.349,1.327,1.343,595978.0,79791384.0,1.343,1.343
159338.SZ,20250711,0.983,0.998,0.983,0.989,26238523.0,2600108032.0,0.989,0.989
159339.SZ,20250711,0.992,1.006,0.991,0.996,2808854.0,280560672.0,0.996,0.996
159350.SZ,20250711,1.178,1.196,1.178,1.188,264473.0,31438156.0,1.188,1.188
159351.SZ,20250711,0.9856000003591179,1.000600000359118,0.984600000359118,0.990600000359118,33225085.0,3365443072.0,1.01,1.012000000094995
159352.SZ,20250711,1.0230000000596047,1.0390000000596047,1.0220000000596046,1.0270000000596047,32189811.0,3354644480.0,1.038,1.038
159353.SZ,20250711,0.996,1.01,0.995,1.0,4111547.0,412335168.0,1.0,1.0063000000081956
159355.SZ,20250711,1.04989999974519,1.0508999997451902,1.0388999997451902,1.0408999997451902,46797.0,5046808.0,1.072,1.072
159356.SZ,20250711,1.031,1.04,1.026,1.031,1470910.0,151774176.0,1.031,1.031
159357.SZ,20250711,1.0259999999692664,1.0429999999692663,1.0259999999692664,1.0309999999692663,849828.0,88464080.0,1.039,1.0405000000130384
159358.SZ,20250711,1.047,1.063,1.046,1.052,1364941.0,143765584.0,1.052,1.052
159359.SZ,20250711,1.035,1.048,1.033,1.039,1078554.0,112218112.0,1.039,1.039
159360.SZ,20250711,1.044,1.059,1.043,1.048,933378.0,98057584.0,1.048,1.048
159361.SZ,20250711,1.002,1.016,1.0,1.005,13650469.0,1376895360.0,1.005,1.005
159362.SZ,20250711,1.028,1.044,1.028,1.034,620351.0,64128404.0,1.034,1.0405999999642372
159363.SZ,20250711,0.534,0.5415,0.531,0.538,1349668.0,145047568.0,1.076,1.076
159365.SZ,20250711,0.998,1.016,0.998,1.009,618577.0,62482108.0,1.009,1.009
159366.SZ,20250711,1.275,1.312,1.275,1.309,1492097.0,194354128.0,1.309,1.309
159367.SZ,20250711,1.037,1.056,1.034,1.047,26068.0,2729813.0,1.047,1.047
159368.SZ,20250711,0.969,0.983,0.964,0.977,67666.0,6609083.0,0.977,0.977
159370.SZ,20250711,1.082,1.098,1.078,1.09,55822.0,6058980.0,1.09,1.09
159371.SZ,20250711,1.027,1.045,1.025,1.037,10765.0,1117575.0,1.037,1.037
159372.SZ,20250711,1.102,1.118,1.099,1.11,26349.0,2920077.0,1.11,1.11
159373.SZ,20250711,1.044,1.065,1.043,1.055,264879.0,27958222.0,1.055,1.055
159375.SZ,20250711,1.08,1.109,1.08,1.098,121294.0,13278056.0,1.098,1.098
159376.SZ,20250711,1.06,1.089,1.059,1.078,247348.0,26663134.0,1.078,1.078
159377.SZ,20250711,1.128,1.146,1.127,1.141,108786.0,12420642.0,1.141,1.141
159378.SZ,20250711,1.151,1.157,1.14,1.154,207812.0,23916886.0,1.154,1.154
159379.SZ,20250711,1.062,1.074,1.061,1.064,397556.0,42415964.0,1.064,1.064
159380.SZ,20250711,1.076,1.09,1.076,1.08,89185.0,9674126.0,1.08,1.08
159381.SZ,20250711,1.009,1.021,1.002,1.016,402113.0,40727528.0,1.016,1.016
159382.SZ,20250711,1.147,1.158,1.137,1.152,78518.0,9018511.0,1.152,1.152
159383.SZ,20250711,1.015,1.033,1.012,1.023,22999.0,2357850.0,1.023,1.023
159385.SZ,20250711,1.03,1.045,1.03,1.039,39299.0,4079804.0,1.039,1.039
159386.SZ,20250711,1.033,1.048,1.032,1.038,431712.0,44851596.0,1.038,1.038
159387.SZ,20250711,1.079,1.098,1.079,1.09,57543.0,6285906.0,1.09,1.09
159388.SZ,20250711,0.4404,0.44400000000000006,0.43600000000000005,0.44279999999999997,98591.0,10862099.0,1.107,1.107
159389.SZ,20250711,1.03,1.046,1.03,1.042,6427.0,668761.0,1.042,1.042
159390.SZ,20250711,1.0629999998174608,1.0779999998174608,1.0629999998174608,1.0669999998174609,195836.0,21382662.0,1.088,1.1085000005662442
159391.SZ,20250711,1.128,1.136,1.12,1.12,19532.0,2209170.0,1.12,1.12
159392.SZ,20250711,1.043,1.051,1.036,1.049,38959.0,4073877.0,1.049,1.049
159393.SZ,20250711,4.063,4.126,4.063,4.077,41999.0,17219062.0,4.077,1.0408580405116081
159395.SZ,20250711,101.352,101.352,101.227,101.25,62756.0,635454080.0,101.25,101.25
159396.SZ,20250711,101.235,101.235,101.106,101.15,505391.0,5110352896.0,101.15,101.15
159397.SZ,20250711,101.1,101.1,100.984,101.029,100693.0,1017066944.0,101.029,101.029
159398.SZ,20250711,100.5393000035286,100.5393000035286,100.4113000035286,100.4713000035286,56201.0,567909120.0,101.06,101.06
159399.SZ,20250711,1.0245000002700835,1.0305000002700835,1.0225000002700835,1.0235000002700836,2565546.0,269072384.0,1.046,1.054900000131689
159501.SZ,20250711,1.534,1.534,1.528,1.53,1208706.0,184939328.0,1.53,1.53
159502.SZ,20250711,0.936,0.939,0.934,0.938,1028320.0,96261504.0,0.938,0.938
159505.SZ,20250711,1.18,1.192,1.174,1.186,12535.0,1483743.0,1.186,1.186
159506.SZ,20250711,1.301,1.324,1.3,1.317,5077785.0,667257088.0,1.317,1.317
159507.SZ,20250711,1.189,1.196,1.185,1.188,16738.0,1995509.0,1.188,1.188
159508.SZ,20250711,0.792,0.813,0.792,0.81,43247.0,3498539.0,0.81,0.81
159509.SZ,20250711,1.677,1.69,1.676,1.69,6389336.0,1076477696.0,1.69,1.69
159510.SZ,20250711,1.163,1.172,1.159,1.16,31273.0,3645769.0,1.16,1.16
159511.SZ,20250711,1.156,1.163,1.152,1.157,25576.0,2962384.0,1.157,1.157
159512.SZ,20250711,1.385,1.39,1.379,1.382,80542.0,11145637.0,1.382,1.382
159513.SZ,20250711,1.369,1.371,1.367,1.37,357118.0,48891992.0,1.37,1.37
159515.SZ,20250711,1.159,1.159,1.142,1.146,11786.0,1354144.0,1.146,1.146
159516.SZ,20250711,1.048,1.058,1.041,1.056,1266192.0,133201864.0,1.056,1.056
159517.SZ,20250711,1.119,1.128,1.117,1.121,81487.0,9143547.0,1.121,1.121
159518.SZ,20250711,0.931,0.934,0.93,0.933,1492863.0,139132224.0,0.933,0.933
159519.SZ,20250711,1.582,1.608,1.582,1.594,107894.0,17238642.0,1.594,1.594
159520.SZ,20250711,1.014,1.025,1.014,1.017,71914.0,7327986.0,1.017,1.017
159521.SZ,20250711,1.053,1.063,1.05,1.06,22647.0,2394720.0,1.06,1.06
159523.SZ,20250711,1.061,1.077,1.061,1.066,29758.0,3172606.0,1.066,1.066
159525.SZ,20250711,1.15,1.154,1.139,1.141,159635.0,18270990.0,1.141,1.141
159526.SZ,20250711,1.218,1.238,1.205,1.229,201412.0,24641356.0,1.229,1.229
159527.SZ,20250711,1.491,1.52,1.481,1.512,29219.0,4405141.0,1.512,1.512
159528.SZ,20250711,1.078,1.086,1.074,1.077,3473.0,375127.0,1.077,1.077
159529.SZ,20250711,1.532,1.535,1.53,1.531,867712.0,132917656.0,1.531,1.531
159530.SZ,20250711,1.242,1.275,1.237,1.268,1018237.0,128080520.0,1.268,1.268
159531.SZ,20250711,1.183,1.191,1.173,1.188,785431.0,92752088.0,1.188,1.188
159532.SZ,20250711,1.295,1.307,1.286,1.302,93981.0,12171666.0,1.302,1.302
159533.SZ,20250711,1.468,1.485,1.465,1.482,28704.0,4235667.0,1.482,1.482
159535.SZ,20250711,1.228,1.237,1.223,1.231,18137.0,2229890.0,1.231,1.231
159536.SZ,20250711,1.226,1.233,1.214,1.229,351385.0,43164532.0,1.229,1.229
159537.SZ,20250711,1.153,1.175,1.148,1.17,296420.0,34575656.0,1.17,1.17
159538.SZ,20250711,1.162,1.187,1.159,1.181,212398.0,25030940.0,1.181,1.181
159539.SZ,20250711,1.141,1.164,1.136,1.157,89749.0,10368958.0,1.157,1.157
159540.SZ,20250711,1.192,1.216,1.189,1.211,204449.0,24675326.0,1.211,1.211
159541.SZ,20250711,1.193,1.206,1.188,1.201,107824.0,12946925.0,1.201,1.201
159542.SZ,20250711,1.177,1.177,1.164,1.175,8656.0,1013716.0,1.175,1.175
159543.SZ,20250711,1.092,1.106,1.091,1.1,2100.0,231263.0,1.1,1.1
159545.SZ,20250711,1.38000000012666,1.3950000001266598,1.38000000012666,1.38200000012666,1197344.0,170939600.0,1.421,1.4790000001937151
159546.SZ,20250711,1.287,1.306,1.277,1.302,65637.0,8513160.0,1.302,1.302
159547.SZ,20250711,1.261999999895692,1.263999999895692,1.2459999998956919,1.2509999998956918,272554.0,34490620.0,1.263,1.263
159549.SZ,20250711,1.205,1.207,1.196,1.197,34724.0,4174191.0,1.197,1.197
159550.SZ,20250711,0.985,1.006,0.982,1.001,188334.0,18856146.0,1.001,1.001
159551.SZ,20250711,1.072,1.094,1.065,1.086,129181.0,13968473.0,1.086,1.086
159552.SZ,20250711,1.729,1.737,1.713,1.734,234024.0,40366096.0,1.734,1.734
159553.SZ,20250711,1.509,1.52,1.501,1.511,18612.0,2806404.0,1.511,1.511
159555.SZ,20250711,1.36,1.373,1.353,1.367,32374.0,4403443.0,1.367,1.367
159556.SZ,20250711,1.048,1.056,1.045,1.052,25509.0,2678627.0,1.052,1.052
159557.SZ,20250711,1.458,1.485,1.458,1.479,286696.0,42299092.0,1.479,1.479
159558.SZ,20250711,1.225,1.233,1.214,1.229,28785.0,3531419.0,1.229,1.229
159559.SZ,20250711,1.12,1.149,1.114,1.14,385245.0,43655336.0,1.14,1.14
159560.SZ,20250711,1.151,1.174,1.15,1.171,70783.0,8249822.0,1.171,1.171
159561.SZ,20250711,1.388,1.39,1.384,1.385,1963785.0,272238656.0,1.385,1.385
159562.SZ,20250711,1.587,1.603,1.585,1.595,138503.0,22073554.0,1.595,1.595
159563.SZ,20250711,1.384,1.407,1.384,1.401,13178.0,1844688.0,1.401,1.401
159565.SZ,20250711,1.2,1.216,1.195,1.209,28043.0,3386439.0,1.209,1.209
159566.SZ,20250711,1.369,1.381,1.361,1.371,35306.0,4847411.0,1.371,1.371
159567.SZ,20250711,0.7935,0.8055,0.7925,0.801,13299735.0,2127463296.0,1.602,1.602
159568.SZ,20250711,1.69,1.723,1.69,1.714,663005.0,113560008.0,1.714,1.714
159569.SZ,20250711,1.2801000008285046,1.2921000008285046,1.2751000008285045,1.2811000008285045,346419.0,45520328.0,1.309,1.3480000008046626
159570.SZ,20250711,1.603,1.626,1.6,1.619,15617687.0,2522740736.0,1.619,1.619
159571.SZ,20250711,1.267,1.291,1.267,1.286,16587.0,2130530.0,1.286,1.286
159572.SZ,20250711,1.245,1.272,1.245,1.267,138348.0,17437340.0,1.267,1.267
159573.SZ,20250711,1.249,1.274,1.248,1.269,100957.0,12763255.0,1.269,1.269
159575.SZ,20250711,1.243,1.274,1.242,1.261,3770.0,472937.0,1.261,1.261
159576.SZ,20250711,1.174599999833852,1.1865999998338521,1.172599999833852,1.177599999833852,93262.0,11082740.0,1.186,1.1945000002291053
159577.SZ,20250711,1.299,1.301,1.297,1.3,128731.0,16721755.0,1.3,1.3
159578.SZ,20250711,1.087,1.092,1.087,1.089,3221.0,351686.0,1.089,1.089
159581.SZ,20250711,1.0449999997913837,1.0469999997913837,1.0369999997913837,1.0379999997913838,330699.0,35286284.0,1.062,1.1110000005811453
159582.SZ,20250711,1.41,1.435,1.405,1.432,135144.0,19262906.0,1.432,1.432
159583.SZ,20250711,0.6405,0.6435,0.636,0.6405,90884.0,11626469.0,1.281,1.281
159586.SZ,20250711,1.253,1.289,1.242,1.282,97271.0,12292182.0,1.282,1.282
159587.SZ,20250711,1.166,1.17,1.162,1.167,26717.0,3119140.0,1.167,1.167
159588.SZ,20250711,0.949,0.959,0.949,0.952,149145.0,14251500.0,0.952,0.952
159589.SZ,20250711,1.0708000003471971,1.0728000003471971,1.0608000003471971,1.063800000347197,35530.0,3856428.0,1.081,1.10560000035353
159590.SZ,20250711,1.069,1.104,1.058,1.097,208150.0,22632296.0,1.097,1.097
159591.SZ,20250711,1.17,1.189,1.169,1.175,377807.0,44515512.0,1.175,1.175
159592.SZ,20250711,1.154,1.176,1.154,1.164,565938.0,65967536.0,1.164,1.164
159593.SZ,20250711,1.173,1.195,1.173,1.183,2082137.0,246709872.0,1.183,1.183
159595.SZ,20250711,1.176,1.196,1.176,1.182,1701800.0,201739984.0,1.182,1.182
159596.SZ,20250711,0.5543499997407197,0.5643499997407198,0.5543499997407197,0.5578499997407198,781820.0,89723432.0,1.145,1.1651999992132187
159597.SZ,20250711,1.276,1.294,1.27,1.283,28168.0,3622207.0,1.283,1.283
159599.SZ,20250711,1.429,1.454,1.424,1.448,144921.0,20919284.0,1.448,1.448
159601.SZ,20250711,0.858,0.87,0.856,0.858,704416.0,60810680.0,0.858,0.858
159602.SZ,20250711,0.8189999999552965,0.8309999999552965,0.8179999999552965,0.8199999999552965,260774.0,22099802.0,0.843,0.8590000007599592
159603.SZ,20250711,0.866,0.877,0.865,0.873,54159.0,4723990.0,0.873,0.873
159605.SZ,20250711,1.037,1.056,1.037,1.049,4767343.0,500745344.0,1.049,1.049
159606.SZ,20250711,0.96,0.965,0.955,0.958,142439.0,13685880.0,0.958,0.958
159607.SZ,20250711,1.035,1.052,1.034,1.044,1707618.0,178692256.0,1.044,1.044
159608.SZ,20250711,0.644,0.667,0.642,0.658,427712.0,27929134.0,0.658,0.658
159609.SZ,20250711,0.424,0.426,0.419,0.422,448333.0,18871688.0,0.422,0.422
159610.SZ,20250711,0.896,0.908,0.894,0.902,61109.0,5512892.0,0.902,0.902
159611.SZ,20250711,1.0,1.005,0.997,1.002,1520343.0,152259584.0,1.002,1.002
159612.SZ,20250711,1.86,1.864,1.855,1.855,980887.0,182356112.0,1.855,1.855
159613.SZ,20250711,0.887,0.902,0.881,0.897,39628.0,3546134.0,0.897,0.897
159615.SZ,20250711,1.081,1.102,1.081,1.095,1622227.0,177441440.0,1.095,1.095
159616.SZ,20250711,0.755,0.762,0.755,0.757,11657.0,883972.0,0.757,0.757
159617.SZ,20250711,1.186,1.193,1.186,1.189,5543.0,659593.0,1.189,1.189
159618.SZ,20250711,0.58,0.58,0.575,0.579,51330.0,2964134.0,0.579,0.579
159619.SZ,20250711,0.972,0.982,0.971,0.972,72221.0,7057185.0,0.972,0.972
159620.SZ,20250711,0.974,0.985,0.973,0.979,36400.0,3564387.0,0.979,0.979
159621.SZ,20250711,1.031,1.044,1.023,1.031,36920.0,3824721.0,1.031,1.031
159622.SZ,20250711,1.006,1.03,1.006,1.023,219907.0,22486144.0,1.023,1.023
159623.SZ,20250711,0.8094999996572733,0.8184999996572733,0.8094999996572733,0.8144999996572733,12085.0,1022083.0,0.845,0.845
159625.SZ,20250711,1.171,1.175,1.166,1.17,170842.0,20008020.0,1.17,1.17
159627.SZ,20250711,1.094,1.106,1.089,1.094,40272.0,4416725.0,1.094,1.094
159628.SZ,20250711,1.123,1.135,1.116,1.131,481349.0,54289980.0,1.131,1.131
159629.SZ,20250711,2.616,2.656,2.611,2.646,793124.0,209483920.0,2.646,0.9315455057049497
159630.SZ,20250711,1.133,1.16,1.133,1.15,29974.0,3446356.0,1.15,1.15
159631.SZ,20250711,1.038,1.055,1.038,1.046,134394.0,14102932.0,1.046,1.046
159632.SZ,20250711,1.853,1.854,1.85,1.852,586666.0,108665808.0,1.852,1.852
159633.SZ,20250711,2.647,2.691,2.642,2.676,258051.0,68950872.0,2.676,0.950539590378848
159635.SZ,20250711,1.028,1.04,1.028,1.03,70678.0,7313738.0,1.03,1.03
159636.SZ,20250711,0.636,0.65,0.636,0.6455,7737574.0,1000433408.0,1.291,1.291
159637.SZ,20250711,0.621,0.629,0.617,0.623,210704.0,13138368.0,0.623,0.623
159638.SZ,20250711,0.833,0.843,0.831,0.841,402708.0,33729948.0,0.841,0.841
159639.SZ,20250711,0.778,0.785,0.776,0.778,181545.0,14191439.0,0.778,0.778
159640.SZ,20250711,0.768,0.776,0.768,0.769,52727.0,4072688.0,0.769,0.769
159641.SZ,20250711,0.814,0.823,0.813,0.816,260634.0,21331748.0,0.816,0.816
159642.SZ,20250711,0.78,0.788,0.78,0.782,6190.0,483490.0,0.782,0.782
159643.SZ,20250711,0.596,0.605,0.596,0.601,59922.0,3610367.0,0.601,0.601
159645.SZ,20250711,0.673,0.684,0.673,0.681,12143.0,823886.0,0.681,0.681
159647.SZ,20250711,0.987,0.996,0.986,0.992,221325.0,21961888.0,0.992,0.992
159649.SZ,20250711,108.09,108.1,108.048,108.059,24960.0,269739104.0,108.059,108.059
159650.SZ,20250711,106.932,106.935,106.916,106.92,108342.0,1158426368.0,106.92,106.92
159651.SZ,20250711,106.234,106.235,106.215,106.224,6792.0,72143496.0,106.224,106.224
159652.SZ,20250711,0.992,1.016,0.992,1.004,301086.0,30334224.0,1.004,1.004
159653.SZ,20250711,1.012,1.024,1.012,1.014,546.0,55676.0,1.014,1.014
159655.SZ,20250711,1.629,1.629,1.626,1.628,264869.0,43111052.0,1.628,1.628
159656.SZ,20250711,0.872,0.883,0.871,0.875,121447.0,10653347.0,0.875,0.875
159657.SZ,20250711,0.654,0.66,0.653,0.657,12879.0,846687.0,0.657,0.657
159658.SZ,20250711,1.186,1.216,1.18,1.205,87265.0,10505179.0,1.205,1.205
159659.SZ,20250711,1.755,1.758,1.754,1.757,506618.0,88960704.0,1.757,1.757
159660.SZ,20250711,1.78,1.782,1.778,1.781,382282.0,68054424.0,1.781,1.781
159661.SZ,20250711,1.175,1.192,1.175,1.18,59622.0,7054278.0,1.18,1.18
159662.SZ,20250711,1.029,1.03,1.021,1.021,55643.0,5703700.0,1.021,1.021
159663.SZ,20250711,1.112,1.131,1.109,1.123,137570.0,15410212.0,1.123,1.123
159665.SZ,20250711,1.228,1.251,1.225,1.246,295388.0,36746084.0,1.246,1.246
159666.SZ,20250711,0.996,0.999,0.992,0.992,199614.0,19874322.0,0.992,0.992
159667.SZ,20250711,1.125,1.143,1.12,1.137,412849.0,46738808.0,1.137,1.137
159669.SZ,20250711,1.077,1.081,1.073,1.08,22151.0,2387893.0,1.08,1.08
159670.SZ,20250711,0.937,0.953,0.937,0.946,16472.0,1559926.0,0.946,0.946
159671.SZ,20250711,0.776,0.807,0.776,0.796,384933.0,30589078.0,0.796,0.796
159672.SZ,20250711,0.766,0.77,0.761,0.765,43885.0,3362355.0,0.765,0.765
159673.SZ,20250711,1.086,1.101,1.085,1.089,752760.0,82140360.0,1.089,1.089
159675.SZ,20250711,0.908,0.923,0.906,0.916,75475.0,6925073.0,0.916,0.916
159676.SZ,20250711,0.966,0.979,0.96,0.974,95109.0,9237024.0,0.974,0.974
159677.SZ,20250711,1.15,1.168,1.141,1.163,64988.0,7542734.0,1.163,1.163
159678.SZ,20250711,1.108,1.162,1.108,1.121,59463.0,6668342.0,1.121,1.121
159679.SZ,20250711,1.062,1.076,1.062,1.073,22352.0,2389786.0,1.073,1.073
159680.SZ,20250711,1.295,1.312,1.29,1.307,238611.0,31099642.0,1.307,1.307
159681.SZ,20250711,0.971,0.986,0.965,0.978,851378.0,83167664.0,0.978,0.978
159682.SZ,20250711,0.955,0.973,0.952,0.963,1396949.0,134799872.0,0.963,0.963
159685.SZ,20250711,1.126,1.139,1.126,1.135,16155.0,1828790.0,1.135,1.135
159686.SZ,20250711,1.06,1.074,1.06,1.064,42156.0,4514955.0,1.064,1.064
159687.SZ,20250711,1.39,1.394,1.39,1.394,130210.0,18137184.0,1.394,1.394
159688.SZ,20250711,0.977,0.994,0.974,0.986,1949632.0,192573296.0,0.986,0.986
159689.SZ,20250711,0.761,0.771,0.761,0.766,64298.0,4932344.0,0.766,0.766
159690.SZ,20250711,1.133,1.169,1.133,1.153,8410.0,970001.0,1.153,1.153
159691.SZ,20250711,1.196,1.208,1.195,1.204,1239652.0,149325968.0,1.204,1.2143000001981854
159692.SZ,20250711,1.264,1.312,1.262,1.289,402677.0,51931156.0,1.289,1.289
159695.SZ,20250711,1.299,1.306,1.292,1.299,88582.0,11518265.0,1.299,1.299
159696.SZ,20250711,1.512,1.516,1.512,1.514,393327.0,59541336.0,1.514,1.514
159697.SZ,20250711,1.012,1.021,1.012,1.015,81267.0,8267440.0,1.015,1.015
159698.SZ,20250711,0.903,0.908,0.902,0.904,122663.0,11095508.0,0.904,0.904
159699.SZ,20250711,1.036,1.05,1.036,1.041,1408305.0,147256976.0,1.041,1.041
159701.SZ,20250711,0.804,0.805,0.803,0.803,4207.0,338463.0,0.803,0.803
159703.SZ,20250711,0.608,0.613,0.606,0.609,120487.0,7331405.0,0.609,0.609
159706.SZ,20250711,0.707,0.718,0.707,0.712,37254.0,2658858.0,0.712,0.712
159707.SZ,20250711,0.618,0.622,0.613,0.62,912410.0,56287892.0,0.62,0.62
159708.SZ,20250711,0.787,0.797,0.787,0.792,248141.0,19701340.0,0.792,0.792
159709.SZ,20250711,0.924,0.936,0.923,0.933,909.0,84433.0,0.933,0.933
159711.SZ,20250711,1.287,1.309,1.284,1.3,110349.0,14369410.0,1.3,1.3
159712.SZ,20250711,1.195,1.218,1.194,1.21,199613.0,24200028.0,1.21,1.21
159713.SZ,20250711,0.888,0.934,0.882,0.925,1534898.0,139744800.0,0.925,0.925
159715.SZ,20250711,0.807,0.854,0.805,0.843,702575.0,58469832.0,0.843,0.843
159716.SZ,20250711,0.817,0.827,0.817,0.821,24077.0,1979424.0,0.821,0.821
159717.SZ,20250711,0.902,0.911,0.902,0.907,553.0,50080.0,0.907,0.907
159718.SZ,20250711,0.857,0.874,0.857,0.872,1360849.0,118139576.0,0.872,0.872
159719.SZ,20250711,1.569,1.585,1.565,1.565,50546.0,7972047.0,1.565,1.565
159720.SZ,20250711,0.64,0.644,0.634,0.639,34585.0,2215276.0,0.639,0.639
159721.SZ,20250711,0.795,0.807,0.795,0.801,7993.0,640618.0,0.801,0.801
159723.SZ,20250711,0.881,0.894,0.881,0.89,25826.0,2296426.0,0.89,0.89
159725.SZ,20250711,0.856,0.859,0.847,0.858,27819.0,2375792.0,0.858,0.858
159726.SZ,20250711,1.243,1.254,1.242,1.244,225447.0,28133478.0,1.244,1.244
159728.SZ,20250711,0.856,0.865,0.85,0.862,82055.0,7033543.0,0.862,0.862
159729.SZ,20250711,0.857,0.872,0.856,0.863,16320.0,1411587.0,0.863,0.863
159730.SZ,20250711,0.96,0.978,0.96,0.974,42653.0,4156338.0,0.974,0.974
159731.SZ,20250711,0.683,0.688,0.68,0.682,6115.0,417901.0,0.682,0.682
159732.SZ,20250711,0.821,0.826,0.813,0.822,1271023.0,104333968.0,0.822,0.822
159735.SZ,20250711,0.797,0.809,0.797,0.805,875504.0,70540088.0,0.805,0.805
159736.SZ,20250711,0.698,0.705,0.696,0.701,206379.0,14450727.0,0.701,0.701
159738.SZ,20250711,1.228,1.249,1.22,1.239,255641.0,31700848.0,1.239,1.239
159739.SZ,20250711,1.128,1.148,1.117,1.143,161271.0,18339980.0,1.143,1.143
159740.SZ,20250711,0.694,0.708,0.693,0.703,28763085.0,2023884416.0,0.703,0.703
159741.SZ,20250711,0.691,0.705,0.691,0.701,2014588.0,141156240.0,0.701,0.701
159742.SZ,20250711,0.712,0.726,0.711,0.721,4194822.0,302451936.0,0.721,0.721
159743.SZ,20250711,0.959,0.968,0.957,0.965,1199.0,115075.0,0.965,0.965
159745.SZ,20250711,0.6,0.6,0.593,0.597,1623932.0,96974616.0,0.597,0.597
159747.SZ,20250711,1.355,1.385,1.355,1.377,832191.0,114535928.0,1.377,0.6885
159748.SZ,20250711,0.707,0.722,0.707,0.718,295684.0,21209880.0,0.718,0.718
159750.SZ,20250711,1.0,1.016,0.997,1.011,932723.0,94146952.0,1.011,1.011
159751.SZ,20250711,1.022,1.038,1.02,1.033,1087817.0,112316576.0,1.033,1.033
159752.SZ,20250711,0.471,0.474,0.468,0.47,122577.0,5771250.0,0.47,0.47
159755.SZ,20250711,0.704,0.716,0.701,0.707,2430754.0,172457008.0,0.707,0.707
159757.SZ,20250711,0.582,0.592,0.579,0.585,253288.0,14903800.0,0.585,0.585
159758.SZ,20250711,0.951,0.966,0.951,0.959,74385.0,7140026.0,0.959,0.959
159760.SZ,20250711,0.595,0.607,0.595,0.604,30679.0,1855615.0,0.604,0.604
159761.SZ,20250711,0.523,0.527,0.522,0.523,180466.0,9471546.0,0.523,0.523
159763.SZ,20250711,0.488,0.49,0.487,0.489,5176.0,252763.0,0.489,0.489
159766.SZ,20250711,0.677,0.681,0.677,0.679,2470686.0,167646816.0,0.679,0.679
159767.SZ,20250711,0.573,0.583,0.571,0.577,55853.0,3231425.0,0.577,0.577
159768.SZ,20250711,0.553,0.559,0.55,0.556,701573.0,38888464.0,0.556,0.556
159770.SZ,20250711,0.86,0.878,0.853,0.872,2754311.0,238899776.0,0.872,0.872
159773.SZ,20250711,0.739,0.75,0.736,0.744,55209.0,4118555.0,0.744,0.744
159775.SZ,20250711,0.588,0.599,0.588,0.594,23495.0,1396874.0,0.594,0.594
159776.SZ,20250711,1.148,1.167,1.147,1.162,641147.0,74339864.0,1.162,1.162
159777.SZ,20250711,0.71,0.719,0.707,0.713,38906.0,2780237.0,0.713,0.713
159778.SZ,20250711,0.835,0.844,0.83,0.838,19806.0,1661297.0,0.838,0.838
159779.SZ,20250711,0.766,0.775,0.762,0.772,44259.0,3411497.0,0.772,0.772
159780.SZ,20250711,0.562,0.571,0.561,0.567,1295364.0,73481832.0,0.567,0.567
159781.SZ,20250711,0.557,0.567,0.557,0.563,1557240.0,87723760.0,0.563,0.563
159782.SZ,20250711,0.564,0.571,0.562,0.568,299376.0,17017046.0,0.568,0.568
159783.SZ,20250711,0.563,0.572,0.563,0.569,632585.0,35998572.0,0.569,0.569
159786.SZ,20250711,0.898,0.904,0.891,0.9,72218.0,6489401.0,0.9,0.9
159787.SZ,20250711,0.653,0.653,0.648,0.65,3956.0,256834.0,0.65,0.65
159788.SZ,20250711,1.282,1.304,1.282,1.294,297906.0,38641276.0,1.294,1.294
159790.SZ,20250711,0.582,0.587,0.58,0.583,496391.0,28990528.0,0.583,0.583
159791.SZ,20250711,0.965,0.976,0.965,0.97,8709.0,843787.0,0.97,0.97
159792.SZ,20250711,0.863,0.882,0.863,0.875,27958249.0,2451173632.0,0.875,0.875
159793.SZ,20250711,0.918,0.93,0.917,0.927,2291.0,212442.0,0.927,0.927
159795.SZ,20250711,0.897,0.906,0.894,0.902,30303.0,2731743.0,0.902,0.902
159796.SZ,20250711,0.592,0.602,0.591,0.597,472623.0,28229180.0,0.597,0.597
159797.SZ,20250711,0.748,0.753,0.745,0.751,38232.0,2865376.0,0.751,0.751
159798.SZ,20250711,0.924,0.936,0.923,0.928,90635.0,8435284.0,0.928,0.928
159800.SZ,20250711,1.191,1.205,1.191,1.193,4332.0,519763.0,1.193,1.193
159801.SZ,20250711,0.595,0.606,0.592,0.603,1051275.0,63172340.0,0.603,1.206
159804.SZ,20250711,1.22,1.236,1.22,1.23,2585.0,317914.0,1.23,1.23
159805.SZ,20250711,1.231,1.236,1.22,1.233,179010.0,22014526.0,1.233,1.233
159806.SZ,20250711,0.546,0.554,0.543,0.548,224751.0,12358050.0,0.548,1.6440000000000001
159807.SZ,20250711,0.506,0.512,0.504,0.51,843437.0,42881844.0,0.51,1.02
159808.SZ,20250711,0.837,0.848,0.832,0.842,36295.0,3055749.0,0.842,0.842
159810.SZ,20250711,0.882,0.895,0.876,0.886,22671.0,2011222.0,0.886,0.886
159811.SZ,20250711,1.339,1.343,1.332,1.336,14414.0,1928718.0,1.336,1.336
159812.SZ,20250711,7.358,7.4,7.34,7.351,16634.0,12233125.0,7.351,7.351
159813.SZ,20250711,0.766,0.781,0.764,0.778,4186249.0,324639456.0,0.778,1.167
159814.SZ,20250711,0.428,0.437,0.427,0.433,1468330.0,63560712.0,0.433,0.8915470066070557
159816.SZ,20250711,112.96340001106262,112.96340001106262,112.88840001106263,112.90340001106262,101478.0,1155105792.0,113.82,115.16349995106458
159819.SZ,20250711,0.949,0.963,0.943,0.958,5514944.0,527267168.0,0.958,0.958
159820.SZ,20250711,1.007,1.022,1.005,1.016,38261.0,3885628.0,1.016,1.016
159821.SZ,20250711,0.821,0.835,0.819,0.83,7181.0,594675.0,0.83,0.83
159822.SZ,20250711,0.662,0.675,0.662,0.672,3031808.0,203498032.0,0.672,0.672
159824.SZ,20250711,0.838,0.85,0.838,0.842,50895.0,4298538.0,0.842,0.842
159825.SZ,20250711,0.733,0.743,0.733,0.738,803655.0,59338812.0,0.738,0.738
159827.SZ,20250711,0.789,0.798,0.789,0.792,14996.0,1191998.0,0.792,0.792
159828.SZ,20250711,0.414,0.423,0.414,0.421,2167685.0,90980288.0,0.421,0.421
159830.SZ,20250711,7.673,7.694,7.673,7.679,23249.0,17862130.0,7.679,7.186008322298527
159831.SZ,20250711,7.443,7.468,7.443,7.45,26656.0,19872264.0,7.45,7.45
159834.SZ,20250711,7.69,7.711,7.69,7.694,101124.0,77852512.0,7.694,7.694
159835.SZ,20250711,0.634,0.649,0.634,0.645,217709.0,14022393.0,0.645,0.645
159836.SZ,20250711,0.87,0.879,0.863,0.872,10983.0,958595.0,0.872,0.872
159837.SZ,20250711,0.488,0.499,0.488,0.497,972831.0,48188528.0,0.497,0.497
159838.SZ,20250711,0.569,0.576,0.568,0.573,145990.0,8378885.0,0.573,0.573
159839.SZ,20250711,0.356,0.365,0.356,0.363,918101.0,33196406.0,0.363,0.363
159840.SZ,20250711,0.565,0.574,0.562,0.567,603649.0,34344988.0,0.567,0.567
159841.SZ,20250711,1.051,1.092,1.047,1.073,5021605.0,539149760.0,1.073,1.073
159842.SZ,20250711,1.097,1.142,1.094,1.122,2399117.0,269407232.0,1.122,1.122
159843.SZ,20250711,0.639,0.648,0.638,0.643,463539.0,29820666.0,0.643,0.643
159845.SZ,20250711,2.634,2.667,2.622,2.66,2169094.0,575195520.0,2.66,0.7005894112578847
159847.SZ,20250711,0.391,0.4,0.39,0.398,821849.0,32590894.0,0.398,0.398
159848.SZ,20250711,0.918,0.96,0.918,0.941,163998.0,15466216.0,0.941,0.941
159849.SZ,20250711,0.51,0.519,0.508,0.517,30288.0,1560239.0,0.517,0.517
159850.SZ,20250711,0.881,0.899,0.881,0.891,385026.0,34397056.0,0.891,0.891
159851.SZ,20250711,0.839,0.881,0.8325,0.8695,10585178.0,1826851968.0,1.739,1.739
159852.SZ,20250711,0.794,0.819,0.785,0.812,2992424.0,241159696.0,0.812,0.812
159855.SZ,20250711,0.901,0.904,0.892,0.9,84924.0,7631224.0,0.9,0.9
159856.SZ,20250711,0.723,0.734,0.719,0.729,75565.0,5507214.0,0.729,0.729
159857.SZ,20250711,0.618,0.62,0.612,0.614,2843960.0,174877904.0,0.614,0.614
159858.SZ,20250711,0.643,0.659,0.643,0.655,162932.0,10659622.0,0.655,0.655
159859.SZ,20250711,0.381,0.39,0.381,0.388,4415301.0,170890800.0,0.388,0.388
159861.SZ,20250711,0.84,0.847,0.838,0.838,95749.0,8075422.0,0.838,0.838
159862.SZ,20250711,0.662,0.671,0.662,0.667,40548.0,2703739.0,0.667,0.667
159863.SZ,20250711,0.485,0.485,0.48,0.482,224573.0,10824404.0,0.482,0.723
159864.SZ,20250711,0.473,0.474,0.468,0.471,505245.0,23736018.0,0.471,0.471
159865.SZ,20250711,0.611,0.619,0.611,0.615,3184092.0,195940784.0,0.615,0.615
159866.SZ,20250711,1.129,1.13,1.121,1.123,486917.0,54813964.0,1.123,1.123
159867.SZ,20250711,0.623,0.63,0.622,0.625,432324.0,27109974.0,0.625,0.625
159869.SZ,20250711,1.312,1.317,1.3,1.312,6223273.0,813390336.0,1.312,1.312
159870.SZ,20250711,0.582,0.585,0.578,0.579,1339286.0,77868072.0,0.579,0.579
159871.SZ,20250711,0.5895,0.6025,0.585,0.596,69777.0,8298107.0,1.192,1.192
159872.SZ,20250711,0.897,0.905,0.892,0.901,19655.0,1772067.0,0.901,0.901
159873.SZ,20250711,0.572,0.578,0.571,0.575,79955.0,4599497.0,0.575,0.575
159875.SZ,20250711,0.468,0.471,0.465,0.467,624757.0,29206978.0,0.467,0.467
159876.SZ,20250711,0.5985,0.6165,0.5985,0.6105,36918.0,4482203.0,1.221,1.221
159877.SZ,20250711,0.57,0.575,0.569,0.572,44016.0,2511578.0,0.572,0.572
159880.SZ,20250711,1.158,1.19,1.158,1.176,71824.0,8434360.0,1.176,1.176
159881.SZ,20250711,1.116,1.15,1.116,1.141,75565.0,8608405.0,1.141,1.141
159883.SZ,20250711,0.486,0.491,0.485,0.489,1013307.0,49412448.0,0.489,0.489
159885.SZ,20250711,0.602,0.606,0.6,0.602,85712.0,5176385.0,0.602,0.903
159886.SZ,20250711,0.774,0.783,0.773,0.778,108431.0,8446980.0,0.778,0.778
159887.SZ,20250711,1.471,1.483,1.447,1.451,1614170.0,236436816.0,1.451,1.451
159888.SZ,20250711,1.05,1.063,1.045,1.058,97072.0,10256092.0,1.058,1.058
159889.SZ,20250711,0.903,0.918,0.903,0.916,23950.0,2186163.0,0.916,0.916
159890.SZ,20250711,1.196,1.216,1.184,1.211,260050.0,31333678.0,1.211,1.211
159891.SZ,20250711,0.429,0.433,0.428,0.432,36811.0,1587438.0,0.432,0.432
159892.SZ,20250711,0.753,0.765,0.752,0.761,17393084.0,1320482432.0,0.761,0.761
159895.SZ,20250711,0.857,0.865,0.857,0.861,515.0,44384.0,0.861,0.861
159896.SZ,20250711,0.796,0.804,0.793,0.8,32420.0,2592327.0,0.8,0.8
159898.SZ,20250711,0.528,0.533,0.527,0.531,196957.0,10430792.0,0.531,0.531
159899.SZ,20250711,0.832,0.861,0.825,0.857,366221.0,31062656.0,0.857,0.857
159901.SZ,20250711,2.7089999991059304,2.74299999910593,2.7039999991059305,2.72299999910593,344138.0,96784904.0,2.808,5.735999662578106
159902.SZ,20250711,3.491,3.514,3.482,3.495,11813.0,4132473.0,3.495,3.6150000010430814
159903.SZ,20250711,1.285,1.299,1.281,1.291,132587.0,17116828.0,1.291,1.291
159905.SZ,20250711,1.649,1.668,1.647,1.66,435214.0,72225408.0,1.66,1.9660000017285346
159906.SZ,20250711,0.984,0.986,0.976,0.981,10649.0,1046302.0,0.981,0.981
159907.SZ,20250711,0.863,0.872,0.859,0.87,217100.0,18837032.0,0.87,1.74
159908.SZ,20250711,2.034,2.067,2.026,2.052,65478.0,13425900.0,2.052,2.052
159909.SZ,20250711,0.699,0.705,0.695,0.702,33034.0,2316569.0,0.702,6.876160348892212
159910.SZ,20250711,2.12,2.141,2.12,2.127,679.0,144789.0,2.127,2.127
159912.SZ,20250711,1.447,1.466,1.447,1.457,10953.0,1596666.0,1.457,1.457
159913.SZ,20250711,2.196,2.21,2.196,2.199,232.0,51161.0,2.199,2.199
159915.SZ,20250711,2.169,2.202,2.159,2.185,11419300.0,2493790464.0,2.185,2.185
159916.SZ,20250711,4.78,4.83,4.736,4.8,733.0,348237.0,4.8,4.8
159918.SZ,20250711,1.924,1.948,1.924,1.944,501.0,97330.0,1.944,1.944
159919.SZ,20250711,4.125199997007847,4.189199997007846,4.122199997007847,4.140199997007847,2396703.0,1013352768.0,4.213,1.929990204064838
159920.SZ,20250711,1.476,1.504,1.476,1.491,6443388.0,963906560.0,1.491,1.5669999975562097
159922.SZ,20250711,2.3764000005424024,2.411400000542402,2.367400000542402,2.3974000005424023,1479151.0,360119072.0,2.435,6.946540888040348
159923.SZ,20250711,1.805,1.824,1.804,1.804,4478.0,810771.0,1.804,1.804
159925.SZ,20250711,3.973,4.029,3.9610000000000003,3.9779999999999998,470265.0,193617232.0,4.103,2.1031194367442128
159928.SZ,20250711,0.802,0.813,0.802,0.808,3892206.0,314730816.0,0.808,3.232
159929.SZ,20250711,1.33,1.353,1.33,1.344,770906.0,103660432.0,1.344,1.344
159930.SZ,20250711,1.305,1.31,1.297,1.3,212566.0,27671190.0,1.3,1.3
159931.SZ,20250711,2.029,2.068,2.027,2.032,21157.0,4326370.0,2.032,2.032
159933.SZ,20250711,3.124,3.178,3.116,3.122,5014.0,1580866.0,3.122,3.122
159934.SZ,20250711,7.702774206081321,7.7207048046714055,7.699609982800718,7.7048836882683895,633876.0,463239264.0,7.305,7.305
159935.SZ,20250711,1.875,1.905,1.875,1.894,9867.0,1870431.0,1.894,1.894
159936.SZ,20250711,1.984,2.003,1.982,1.992,22760.0,4538066.0,1.992,1.992
159937.SZ,20250711,7.361,7.378,7.36,7.367,774361.0,570581056.0,7.367,7.367
159938.SZ,20250711,0.648,0.66,0.648,0.655,742901.0,48743580.0,0.655,1.31
159939.SZ,20250711,0.643,0.653,0.64,0.649,203160.0,13181453.0,0.649,1.298
159940.SZ,20250711,1.297,1.325,1.297,1.302,27653.0,3630585.0,1.302,1.302
159941.SZ,20250711,1.227,1.229,1.226,1.228,7955914.0,976447360.0,1.228,4.912
159943.SZ,20250711,1.151,1.165,1.15,1.157,121356.0,14054009.0,1.157,13.672847632408143
159944.SZ,20250711,0.989,1.008,0.989,0.999,8578.0,857850.0,0.999,0.999
159945.SZ,20250711,1.069,1.075,1.066,1.067,16809.0,1800086.0,1.067,1.067
159948.SZ,20250711,2.426,2.448,2.404,2.428,144782.0,35097528.0,2.428,2.428
159949.SZ,20250711,0.984,1.003,0.982,0.993,9642815.0,958970304.0,0.993,0.993
159952.SZ,20250711,1.324,1.345,1.32,1.337,1599222.0,213668256.0,1.337,1.337
159954.SZ,20250711,0.994,1.014,0.994,1.004,113325.0,11425820.0,1.004,1.004
159956.SZ,20250711,1.385,1.403,1.376,1.394,4244.0,590353.0,1.394,1.394
159957.SZ,20250711,1.431,1.453,1.426,1.443,342195.0,49283400.0,1.443,1.443
159958.SZ,20250711,1.324,1.34,1.315,1.329,35417.0,4708746.0,1.329,1.329
159959.SZ,20250711,1.444,1.46,1.444,1.449,174001.0,25256214.0,1.449,1.449
159960.SZ,20250711,0.904,0.92,0.904,0.914,94971.0,8693080.0,0.914,1.075500006914139
159961.SZ,20250711,1.669,1.687,1.669,1.676,26930.0,4525856.0,1.676,1.676
159964.SZ,20250711,1.424,1.442,1.415,1.431,41691.0,5960976.0,1.431,1.431
159965.SZ,20250711,1.535,1.552,1.532,1.532,8320.0,1283011.0,1.532,1.532
159966.SZ,20250711,0.475,0.481,0.475,0.478,76205.0,3637674.0,0.478,1.4705669708251952
159967.SZ,20250711,0.456,0.467,0.454,0.463,2473465.0,114389888.0,0.463,1.6845792360305787
159968.SZ,20250711,7.463,7.586,7.455,7.538,15492.0,11679019.0,7.538,7.538
159969.SZ,20250711,1.186,1.199,1.186,1.19,15854.0,1890580.0,1.19,1.19
159970.SZ,20250711,0.787,0.797,0.787,0.7919999999999999,3694.0,1756961.0,4.752,4.752
159971.SZ,20250711,0.7585,0.772,0.757,0.7655,218612.0,33442716.0,1.531,1.531
159972.SZ,20250711,116.39,116.39,116.24,116.358,127886.0,1488192384.0,116.358,125.17799990344048
159973.SZ,20250711,1.381,1.405,1.381,1.395,4463.0,624644.0,1.395,1.395
159974.SZ,20250711,1.607,1.622,1.607,1.608,14223.0,2297027.0,1.608,1.608
159975.SZ,20250711,0.578,0.585,0.577,0.58,111047.0,6455572.0,0.58,5.8
159976.SZ,20250711,1.183,1.2,1.183,1.19,2693.0,321654.0,1.19,1.19
159977.SZ,20250711,1.1345,1.1525,1.1305,1.144,497400.0,113477504.0,2.288,2.288
159980.SZ,20250711,1.7,1.7,1.691,1.691,755682.0,128067424.0,1.691,1.691
159981.SZ,20250711,1.336,1.341,1.33,1.331,850183.0,113525904.0,1.331,1.331
159982.SZ,20250711,1.543,1.57,1.543,1.558,60825.0,9481351.0,1.558,1.558
159985.SZ,20250711,1.937,1.941,1.934,1.938,1146886.0,222216896.0,1.938,1.938
159991.SZ,20250711,0.487,0.496,0.486,0.492,82172.0,4046462.0,0.492,1.3972799577713013
159992.SZ,20250711,0.813,0.834,0.813,0.828,6367778.0,527134144.0,0.828,0.828
159993.SZ,20250711,1.23,1.277,1.227,1.255,1250384.0,156897232.0,1.255,1.255
159994.SZ,20250711,0.499,0.501,0.4955,0.4975,444793.0,44225284.0,0.995,0.995
159995.SZ,20250711,1.193,1.217,1.19,1.212,5816484.0,701676992.0,1.212,1.212
159996.SZ,20250711,1.34,1.354,1.338,1.348,318576.0,42919176.0,1.348,1.348
159997.SZ,20250711,1.135,1.145,1.127,1.139,165312.0,18840042.0,1.139,1.139
159998.SZ,20250711,0.887,0.907,0.88,0.902,586672.0,52784196.0,0.902,0.902
510010.SH,20250711,1.679,1.693,1.668,1.691,1785.0,300842.0,1.691,1.691
510020.SH,20250711,3.338,3.399,3.3,3.344,25379.0,8480642.0,3.344,0.33440007972717284
510030.SH,20250711,1.118,1.129,1.107,1.111,76454.0,8577099.0,1.111,8.888
510040.SH,20250711,1.033,1.045,1.031,1.031,66861.0,6937320.0,1.031,1.031
510050.SH,20250711,2.780000001788139,2.8380000017881395,2.7780000017881394,2.7910000017881393,12511232.0,3610956032.0,2.871,3.588000000178814
510060.SH,20250711,2.623,2.665,2.613,2.622,15747.0,4156291.0,2.622,2.622
510090.SH,20250711,2.623,2.649,2.621,2.621,1267.0,334058.0,2.621,2.621
510100.SH,20250711,2.696999997138977,2.756999997138977,2.696999997138977,2.709999997138977,1974332.0,556735808.0,2.807,1.2456559960658569
510130.SH,20250711,6.353,6.401,6.334,6.334,1452.0,922657.0,6.334,6.334
510150.SH,20250711,0.528,0.538,0.528,0.532,1020934.0,54470352.0,0.532,6.384
510160.SH,20250711,0.876,0.887,0.874,0.875,6946.0,610218.0,0.875,0.875
510170.SH,20250711,0.931,0.944,0.927,0.941,87738.0,8210599.0,0.941,3.764
510180.SH,20250711,3.5029999964535237,3.5609999964535235,3.5029999964535237,3.513999996453524,187826.0,69234544.0,3.672,11.279000001326205
510190.SH,20250711,3.966,4.04,3.965,3.987,13671.0,5471150.0,3.987,3.987
510200.SH,20250711,1.235,1.282,1.235,1.263,123164.0,15574530.0,1.263,1.263
510210.SH,20250711,0.88,0.892,0.879,0.881,4038681.0,357435488.0,0.881,5.279999985098839
510230.SH,20250711,1.438,1.454,1.422,1.422,473205.0,68248928.0,1.422,8.514000014066696
510270.SH,20250711,1.385,1.397,1.377,1.385,2464.0,342319.0,1.385,1.385
510290.SH,20250711,2.077,2.115,2.071,2.092,10514.0,2193513.0,2.092,2.092
510300.SH,20250711,3.942999996602535,4.006999996602535,3.9419999966025356,3.955999996602535,12648552.0,5184102912.0,4.079,4.835999999284744
510310.SH,20250711,3.8119999957978727,3.875999995797873,3.8119999957978727,3.8269999957978724,3144251.0,1258511232.0,3.989,2.0433821827760537
510320.SH,20250711,1.08,1.087,1.065,1.074,37774.0,4081408.0,1.074,1.074
510330.SH,20250711,4.123000001341104,4.192000001341104,4.123000001341104,4.140000001341105,1261620.0,531447328.0,4.2,4.980299991369248
510350.SH,20250711,4.11,4.177,4.11,4.129,92443.0,38312768.0,4.129,4.46460000360012
510360.SH,20250711,1.506,1.532,1.505,1.512,335962.0,51069976.0,1.512,1.512
510370.SH,20250711,0.893,0.903,0.889,0.893,32759.0,2931489.0,0.893,0.893
510380.SH,20250711,1.178,1.184,1.164,1.169,7420.0,874696.0,1.169,1.169
510390.SH,20250711,4.418,4.482,4.418,4.428,23782.0,10579729.0,4.428,4.955999997138977
510410.SH,20250711,1.287,1.31,1.287,1.297,86082.0,11159899.0,1.297,1.297
510500.SH,20250711,5.973000001013279,6.063000001013279,5.955000001013279,6.028000001013279,2491185.0,1516912000.0,6.09,2.0123768598678033
510510.SH,20250711,1.89,1.918,1.885,1.906,107371.0,20485294.0,1.906,1.906
510530.SH,20250711,6.367,6.466,6.367,6.424,12258.0,7876527.0,6.424,6.424
510550.SH,20250711,1.512,1.527,1.511,1.519,7291.0,1108098.0,1.519,1.519
510560.SH,20250711,1.44,1.449,1.44,1.445,4026.0,582952.0,1.445,1.445
510570.SH,20250711,0.94,0.951,0.94,0.944,541.0,51301.0,0.944,0.944
510580.SH,20250711,3.037,3.079,3.028,3.062,145220.0,44444340.0,3.062,7.593760788440704
510590.SH,20250711,6.18,6.349,6.169,6.275,6339.0,3978417.0,6.275,7.084999987483025
510600.SH,20250711,3.584,3.643,3.581,3.589,7992.0,2887999.0,3.589,3.589
510630.SH,20250711,0.92,0.929,0.918,0.921,258335.0,23862300.0,0.921,3.684
510650.SH,20250711,3.122,3.169,3.103,3.104,9774.0,3064781.0,3.104,3.104
510660.SH,20250711,2.35,2.398,2.35,2.386,22036.0,5243191.0,2.386,2.386
510680.SH,20250711,2.908,2.969,2.908,2.926,43197.0,12693690.0,2.926,2.926
510710.SH,20250711,3.854,3.93,3.854,3.871,32178.0,12481065.0,3.871,3.871
510720.SH,20250711,0.9804999999422579,0.9884999999422579,0.975499999942258,0.9764999999422579,1160566.0,116868744.0,1.001,1.0521000002734362
510760.SH,20250711,1.132,1.148,1.131,1.135,1102163.0,125559104.0,1.135,1.277000000923872
510770.SH,20250711,0.586,0.595,0.585,0.593,17273.0,1018134.0,0.593,0.593
510800.SH,20250711,1.284,1.31,1.284,1.291,109913.0,14259791.0,1.291,1.291
510810.SH,20250711,0.8380000004470348,0.8550000004470348,0.8380000004470348,0.8470000004470348,118970.0,10335935.0,0.867,0.9569999979883432
510850.SH,20250711,3.24,3.284,3.224,3.24,42778.0,13906155.0,3.24,3.24
510880.SH,20250711,3.12699999332428,3.1439999933242797,3.10699999332428,3.10699999332428,1367765.0,447220512.0,3.25,4.682999990880489
510900.SH,20250711,1.124,1.142,1.123,1.13,3230997.0,366909664.0,1.13,1.180000000745058
510950.SH,20250711,1.161,1.184,1.159,1.163,95528.0,11175357.0,1.163,1.163
510980.SH,20250711,1.213,1.227,1.211,1.222,231300.0,28187242.0,1.222,1.222
510990.SH,20250711,0.95,0.961,0.948,0.95,98522.0,9407754.0,0.95,0.95
511010.SH,20250711,139.42879993486403,139.43079993486404,139.33579993486404,139.39479993486404,28346.0,401020192.0,141.499,142.7790000011921
511020.SH,20250711,115.8540000371933,115.8540000371933,115.7040000371933,115.8030000371933,21191.0,248916752.0,117.542,126.26900023651123
511030.SH,20250711,106.25,106.25,106.157,106.195,86821.0,922001408.0,106.195,118.69502530395984
511060.SH,20250711,105.86189995145797,105.87489995145798,105.78489995145797,105.84489995145798,12009.0,128424736.0,106.949,121.89899998807907
511070.SH,20250711,101.103,101.135,101.018,101.085,815654.0,8242305024.0,101.085,101.085
511090.SH,20250711,122.98,123.3,122.861,123.233,663244.0,8255903744.0,124.733,130.733
511100.SH,20250711,109.7,109.737,109.606,109.725,521.0,5713874.0,109.725,109.725
511110.SH,20250711,101.26,101.269,101.122,101.211,539406.0,5457173504.0,101.211,101.211
511130.SH,20250711,112.335,112.555,112.14,112.484,341676.0,3836040704.0,112.484,115.67700001859664
511160.SH,20250711,100.293,100.318,100.278,100.285,112361.0,1126976256.0,100.285,100.285
511180.SH,20250711,12.022,12.055,11.991,11.992,862991.0,1037818496.0,11.992,11.992
511190.SH,20250711,100.62599997615814,100.63999997615814,100.50999997615814,100.58899997615814,401368.0,4058876928.0,101.189,101.189
511200.SH,20250711,101.319,101.319,101.155,101.213,321951.0,3257466368.0,101.213,101.213
511220.SH,20250711,10.170999994039535,10.173999994039535,10.158999994039535,10.165999994039536,658388.0,679073472.0,10.316,143.38000007331374
511260.SH,20250711,134.46199998140335,134.48899998140334,134.29799998140336,134.41499998140335,233512.0,3188816640.0,136.608,136.608
511270.SH,20250711,117.46390000545979,117.46490000545978,117.35690000545979,117.44190000545979,22311.0,264076336.0,118.387,138.12700012874603
511360.SH,20250711,112.064,112.065,112.046,112.059,1393878.0,15619703808.0,112.059,112.059
511380.SH,20250711,12.628,12.667,12.586,12.608,5592123.0,7064610304.0,12.608,12.608
511520.SH,20250711,115.738,115.774,115.651,115.745,1062872.0,12296942592.0,115.745,115.745
511580.SH,20250711,107.948,107.948,107.848,107.885,11176.0,120570544.0,107.885,107.885
511600.SH,20250711,100.005,100.008,100.004,100.004,55.0,553835.0,100.004,100.004
511620.SH,20250711,100.012,100.012,100.006,100.007,1974.0,19745744.0,100.007,100.007
511650.SH,20250711,100.299,100.299,100.004,100.004,7.0,70034.0,100.004,100.004
511660.SH,20250711,100.007,100.008,99.999,100.001,122885.0,1228896000.0,100.001,100.001
511670.SH,20250711,100.008,100.008,100.0,100.004,25.0,250107.0,100.004,100.004
511690.SH,20250711,100.007,100.013,100.007,100.008,923.0,9231191.0,100.008,100.008
511700.SH,20250711,100.011,100.012,100.005,100.007,10041.0,100422456.0,100.007,100.007
511770.SH,20250711,100.003,100.006,100.001,100.001,57.0,566216.0,100.001,100.001
511800.SH,20250711,100.01,100.011,100.004,100.008,364.0,3643557.0,100.008,100.008
511810.SH,20250711,100.005,100.006,100.0,100.004,1533.0,15330948.0,100.004,100.004
511820.SH,20250711,100.006,100.006,100.003,100.003,39.0,390217.0,100.003,100.003
511830.SH,20250711,100.005,100.005,100.0,100.002,55.0,550420.0,100.002,100.002
511850.SH,20250711,100.009,100.01,100.001,100.004,27240.0,272421888.0,100.004,100.004
511860.SH,20250711,100.005,100.006,100.004,100.005,386.0,3860605.0,100.005,100.005
511880.SH,20250711,99.54569997882842,99.54669997882843,99.53869997882843,99.53969997882842,1606388.0,16175962112.0,100.695,132.80710012435912
511900.SH,20250711,100.007,100.009,100.006,100.007,1024.0,10237411.0,100.007,100.007
511910.SH,20250711,100.005,100.005,100.001,100.002,5.0,50202.0,100.002,100.002
511920.SH,20250711,100.006,100.006,100.0,100.005,41.0,410017.0,100.005,100.005
511930.SH,20250711,100.005,100.008,100.002,100.004,48.0,480022.0,100.004,100.004
511950.SH,20250711,100.005,100.005,100.0,100.004,24.0,240809.0,100.004,100.004
511960.SH,20250711,100.007,100.007,100.005,100.006,54.0,539029.0,100.006,100.006
511970.SH,20250711,100.005,100.005,100.005,100.005,27.0,270014.0,100.005,100.005
511980.SH,20250711,100.105,100.124,100.097,100.1,10.0,100105.0,100.1,100.1
511990.SH,20250711,100.007,100.008,99.998,99.999,1125297.0,11253264384.0,99.999,99.999
512000.SH,20250711,0.554,0.576,0.5525,0.565,17231880.0,1952425088.0,1.13,1.13
512010.SH,20250711,0.377,0.384,0.376,0.381,23076081.0,879946176.0,0.381,1.524
512020.SH,20250711,1.038,1.053,1.038,1.042,745911.0,77969904.0,1.042,1.042
512040.SH,20250711,0.984,0.991,0.982,0.985,411095.0,40541148.0,0.985,2.178000004291534
512050.SH,20250711,0.98,0.994,0.978,0.983,40581281.0,4003136256.0,0.983,0.983
512070.SH,20250711,0.836,0.867,0.835,0.848,7445703.0,636297536.0,0.848,2.544
512080.SH,20250711,1.056,1.072,1.056,1.062,1166628.0,124046856.0,1.062,1.062
512090.SH,20250711,1.636,1.658,1.636,1.639,69347.0,11428208.0,1.639,1.639
512100.SH,20250711,2.5439999988675117,2.5809999988675116,2.534999998867512,2.5679999988675117,6811639.0,1774114688.0,2.609,0.9673775734260559
512120.SH,20250711,0.442,0.451,0.442,0.447,345492.0,15499866.0,0.447,1.341
512130.SH,20250711,1.03,1.045,1.03,1.038,89525.0,9284288.0,1.038,1.038
512150.SH,20250711,1.708,1.733,1.702,1.709,33634.0,5777405.0,1.709,1.709
512160.SH,20250711,1.254,1.265,1.25,1.25,38222.0,4797659.0,1.25,1.5399999916553497
512170.SH,20250711,0.335,0.343,0.335,0.341,27515551.0,934557696.0,0.341,1.0230000000000001
512180.SH,20250711,1.445,1.464,1.414,1.453,483.0,70251.0,1.453,1.453
512190.SH,20250711,2.075,2.075,2.061,2.067,647.0,133496.0,2.067,2.067
512200.SH,20250711,1.436,1.449,1.431,1.446,2568537.0,369934528.0,1.446,0.5178125957250594
512220.SH,20250711,1.794,1.809,1.78,1.802,25705.0,4622763.0,1.802,1.802
512240.SH,20250711,1.026,1.04,1.026,1.028,55818.0,5766130.0,1.028,1.028
512250.SH,20250711,1.0660999997854232,1.0790999997854234,1.0650999997854234,1.0690999997854234,31536.0,3448698.0,1.092,1.092
512260.SH,20250711,1.589,1.608,1.589,1.596,2519.0,402776.0,1.596,1.596
512290.SH,20250711,0.994,1.021,0.994,1.011,1723711.0,174298832.0,1.011,1.011
512330.SH,20250711,1.046,1.057,1.035,1.052,63660.0,6688978.0,1.052,1.052
512360.SH,20250711,1.538,1.555,1.538,1.54,444.0,68784.0,1.54,1.54
512380.SH,20250711,1.371,1.388,1.371,1.371,32819.0,4517861.0,1.371,1.371
512390.SH,20250711,1.137,1.146,1.134,1.134,10490.0,1194368.0,1.134,1.4627999927997588
512400.SH,20250711,1.1380000003352762,1.1700000003352762,1.1360000003352761,1.153000000335276,3220839.0,375196384.0,1.168,1.1779999997764825
512480.SH,20250711,1.016,1.035,1.011,1.031,15341018.0,1575254144.0,1.031,2.062
512500.SH,20250711,3.311,3.362,3.301,3.341,640068.0,213855520.0,3.341,3.341
512510.SH,20250711,1.715,1.738,1.708,1.728,117203.0,20219068.0,1.728,1.7520000002086162
512520.SH,20250711,1.23,1.242,1.23,1.231,10728.0,1323257.0,1.231,1.561000013113022
512530.SH,20250711,1.608,1.619,1.596,1.597,17015.0,2735126.0,1.597,1.597
512550.SH,20250711,1.605,1.629,1.596,1.602,101739.0,16434803.0,1.602,1.602
512560.SH,20250711,0.678,0.693,0.678,0.69,682017.0,46915080.0,0.69,1.38
512570.SH,20250711,1.155,1.203,1.155,1.183,380697.0,45110760.0,1.183,1.183
512580.SH,20250711,0.98,0.986,0.975,0.978,77330.0,7586846.0,0.978,0.978
512600.SH,20250711,0.685,0.691,0.684,0.686,108992.0,7497860.0,0.686,3.43
512640.SH,20250711,2.565,2.604,2.552,2.554,53840.0,13944236.0,2.554,2.554
512650.SH,20250711,1.048,1.063,1.048,1.052,40474.0,4248664.0,1.052,1.052
512660.SH,20250711,1.111,1.132,1.111,1.128,6660426.0,749725056.0,1.128,1.128
512670.SH,20250711,0.769,0.778,0.767,0.777,3093709.0,239340960.0,0.777,1.554
512680.SH,20250711,1.14,1.159,1.139,1.157,1575521.0,181710528.0,1.157,1.157
512690.SH,20250711,0.564,0.574,0.564,0.57,20393732.0,1160473472.0,0.57,1.839999988079071
512700.SH,20250711,1.7759999989271165,1.7909999989271164,1.7409999989271163,1.7429999989271163,1100838.0,200295552.0,1.795,1.962000003159046
512710.SH,20250711,0.669,0.678,0.667,0.675,10754902.0,724479680.0,0.675,1.35
512720.SH,20250711,1.056,1.083,1.049,1.075,301705.0,32248530.0,1.075,1.171000000834465
512730.SH,20250711,1.853,1.862,1.817,1.821,110128.0,20237152.0,1.821,1.821
512750.SH,20250711,1.523,1.542,1.514,1.515,53486.0,8168322.0,1.515,1.515
512760.SH,20250711,1.124,1.144,1.12,1.141,2805686.0,318698528.0,1.141,2.282
512770.SH,20250711,1.41,1.432,1.41,1.42,5382.0,763036.0,1.42,1.42
512800.SH,20250711,0.906,0.912,0.887,0.888,15847645.0,1424232576.0,0.888,1.776
512810.SH,20250711,0.644,0.654,0.643,0.653,1444322.0,93922248.0,0.653,1.306
512820.SH,20250711,1.591,1.6,1.561,1.571,1269675.0,200898208.0,1.571,1.767000002324581
512870.SH,20250711,1.202,1.218,1.201,1.209,1515.0,183216.0,1.209,1.209
512880.SH,20250711,1.159,1.206,1.155,1.181,36779840.0,4360841728.0,1.181,1.181
512890.SH,20250711,1.23,1.236,1.218,1.219,7453726.0,913962880.0,1.219,2.438
512900.SH,20250711,1.147,1.191,1.142,1.168,748631.0,87598848.0,1.168,1.168
512910.SH,20250711,1.063,1.078,1.063,1.068,164801.0,17643088.0,1.068,1.207800000935793
512930.SH,20250711,1.356,1.375,1.348,1.369,498213.0,67997248.0,1.369,1.5730000073611736
512950.SH,20250711,1.336,1.35,1.332,1.338,70416.0,9437838.0,1.338,1.338
512960.SH,20250711,1.291,1.308,1.291,1.297,115236.0,15008262.0,1.297,1.335800001144409
512970.SH,20250711,1.246,1.255,1.245,1.245,1579.0,197381.0,1.245,1.245
512980.SH,20250711,0.878,0.881,0.869,0.878,1122325.0,98211728.0,0.878,0.878
512990.SH,20250711,1.668,1.688,1.668,1.673,29942.0,5016581.0,1.673,1.673
513000.SH,20250711,1.505,1.505,1.494,1.495,609375.0,91250944.0,1.495,1.495
513010.SH,20250711,0.722,0.735,0.721,0.73,14188783.0,1036977536.0,0.73,0.73
513020.SH,20250711,1.098,1.124,1.098,1.114,2878678.0,321443808.0,1.114,1.114
513030.SH,20250711,1.907,1.912,1.901,1.903,776944.0,148117648.0,1.903,1.903
513040.SH,20250711,1.417,1.433,1.408,1.425,603121.0,85977560.0,1.425,1.425
513050.SH,20250711,1.348,1.37,1.348,1.361,15251206.0,2080136960.0,1.361,1.361
513060.SH,20250711,0.579,0.588,0.578,0.584,37060234.0,2162938112.0,0.584,0.584
513070.SH,20250711,1.294,1.314,1.291,1.306,221620.0,28983504.0,1.306,1.306
513080.SH,20250711,1.754,1.756,1.742,1.743,340702.0,59449916.0,1.743,1.743
513090.SH,20250711,2.024,2.177,2.022,2.107,1797420.0,38204469248.0,2.107,2.107
513100.SH,20250711,1.634,1.636,1.632,1.633,3780417.0,617609856.0,1.633,8.165
513110.SH,20250711,1.882,1.883,1.878,1.881,401429.0,75483184.0,1.881,1.881
513120.SH,20250711,1.194,1.213,1.192,1.207,688154.0,8282345472.0,1.207,1.207
513130.SH,20250711,0.694,0.708,0.693,0.702,704534.0,4956920320.0,0.702,0.702
513140.SH,20250711,1.516,1.629,1.516,1.526,1716988.0,265029824.0,1.526,1.526
513150.SH,20250711,1.114,1.137,1.114,1.129,276966.0,31302046.0,1.129,1.129
513160.SH,20250711,1.117,1.138,1.116,1.127,4446425.0,502819808.0,1.127,1.127
513170.SH,20250711,1.408,1.432,1.406,1.419,172380.0,24511020.0,1.419,1.419
513180.SH,20250711,0.706,0.72,0.705,0.714,721881.0,5162578944.0,0.714,0.714
513190.SH,20250711,1.721,1.767,1.72,1.737,3502367.0,611926336.0,1.737,1.737
513200.SH,20250711,1.02,1.035,1.018,1.03,4450964.0,457448320.0,1.03,1.03
513210.SH,20250711,1.5,1.524,1.498,1.513,55307.0,8389560.0,1.513,1.513
513220.SH,20250711,1.213,1.234,1.211,1.224,586150.0,71825952.0,1.224,1.224
513230.SH,20250711,1.028,1.041,1.026,1.034,481343.0,49886500.0,1.034,1.034
513260.SH,20250711,1.345,1.372,1.345,1.361,4854008.0,661912960.0,1.361,1.361
513280.SH,20250711,1.061,1.08,1.061,1.074,1189508.0,127629672.0,1.074,1.074
513290.SH,20250711,1.165,1.167,1.163,1.165,724520.0,84410200.0,1.165,1.165
513300.SH,20250711,2.04,2.042,2.037,2.039,1764103.0,359760896.0,2.039,2.039
513310.SH,20250711,1.648,1.666,1.648,1.656,1461095.0,242180400.0,1.656,1.656
513320.SH,20250711,1.278,1.301,1.278,1.293,296652.0,38401456.0,1.293,1.293
513330.SH,20250711,0.483,0.492,0.482,0.487,705145.0,3442212608.0,0.487,0.487
513350.SH,20250711,0.973,0.977,0.971,0.976,1050793.0,102286080.0,0.976,0.976
513360.SH,20250711,0.529,0.534,0.527,0.53,2676126.0,141913104.0,0.53,0.53
513380.SH,20250711,0.638,0.651,0.638,0.646,6593070.0,426608640.0,0.646,1.292
513390.SH,20250711,1.842,1.845,1.837,1.841,687573.0,126589912.0,1.841,1.841
513400.SH,20250711,1.151,1.151,1.149,1.15,420478.0,48351392.0,1.15,1.15
513500.SH,20250711,2.124,2.126,2.122,2.124,1390238.0,295298368.0,2.124,4.248
513520.SH,20250711,1.505,1.507,1.499,1.5,654375.0,98226080.0,1.5,1.5
513530.SH,20250711,1.5900000017881393,1.6170000017881394,1.5880000017881393,1.6090000017881394,773718.0,130576272.0,1.689,1.7089999995529652
513550.SH,20250711,1.084,1.103,1.083,1.093,635873.0,69713088.0,1.093,1.093
513560.SH,20250711,1.302,1.328,1.302,1.321,1387320.0,183241104.0,1.321,1.321
513580.SH,20250711,0.698,0.713,0.698,0.707,3087216.0,218840976.0,0.707,0.707
513590.SH,20250711,0.916,0.926,0.914,0.919,497907.0,45873068.0,0.919,0.919
513600.SH,20250711,2.757,2.803,2.756,2.778,1200773.0,334886912.0,2.778,2.822999999925494
513630.SH,20250711,1.4949999998100103,1.51499999981001,1.4949999998100103,1.49699999981001,3438802.0,519140288.0,1.501,1.501
513650.SH,20250711,1.613,1.615,1.612,1.613,280713.0,45296056.0,1.613,1.613
513660.SH,20250711,2.963,3.01,2.96,2.985,1020729.0,305837536.0,2.985,2.985
513690.SH,20250711,1.0316999996379017,1.0426999996379018,1.0316999996379017,1.0346999996379018,1732104.0,181913472.0,1.046,1.0715000004544855
513700.SH,20250711,0.608,0.62,0.608,0.615,4912532.0,302095200.0,0.615,0.615
513730.SH,20250711,1.19,1.197,1.186,1.197,915414.0,109030328.0,1.197,1.197
513750.SH,20250711,1.532,1.628,1.53,1.579,18038356.0,2858871552.0,1.579,1.579
513770.SH,20250711,0.5295,0.5405,0.529,0.5375,5209657.0,559979840.0,1.075,1.075
513780.SH,20250711,1.529,1.555,1.528,1.549,3912905.0,603924800.0,1.549,1.549
513800.SH,20250711,1.476,1.482,1.471,1.472,135625.0,20013022.0,1.472,1.5019999993294477
513810.SH,20250711,1.56,1.585,1.56,1.568,42504.0,6692941.0,1.568,1.568
513820.SH,20250711,1.2079999996609987,1.2319999996609985,1.2079999996609987,1.2199999996609985,1258865.0,158933760.0,1.259,1.2950000011278315
513830.SH,20250711,1.149,1.165,1.145,1.158,166307.0,19233114.0,1.158,1.158
513850.SH,20250711,1.444,1.446,1.443,1.445,200629.0,28984908.0,1.445,1.445
513860.SH,20250711,0.705,0.722,0.705,0.715,7419361.0,532100384.0,0.715,0.715
513870.SH,20250711,1.551,1.552,1.548,1.551,251852.0,39040836.0,1.551,1.551
513880.SH,20250711,1.4,1.402,1.392,1.393,544720.0,75973920.0,1.393,1.393
513890.SH,20250711,1.064,1.085,1.063,1.075,1052676.0,113473360.0,1.075,1.075
513900.SH,20250711,1.003,1.019,1.003,1.013,230473.0,23394768.0,1.013,1.013
513910.SH,20250711,1.534,1.557,1.534,1.538,1506553.0,233289456.0,1.538,1.538
513920.SH,20250711,1.4900000006780028,1.5130000006780029,1.4890000006780029,1.5020000006780028,1391441.0,216090784.0,1.549,1.583000001847744
513950.SH,20250711,1.3377999995425343,1.3507999995425344,1.3377999995425343,1.3397999995425343,304328.0,42659592.0,1.396,1.4881999998390674
513970.SH,20250711,0.956,0.966,0.955,0.959,1893455.0,182187504.0,0.959,0.959
513980.SH,20250711,0.708,0.722,0.707,0.717,15356074.0,1101498496.0,0.717,0.717
513990.SH,20250711,1.097,1.11,1.095,1.103,248538.0,27467916.0,1.103,1.103
515000.SH,20250711,0.6865,0.697,0.6865,0.693,481212.0,66697824.0,1.386,1.386
515010.SH,20250711,1.321,1.377,1.321,1.351,629961.0,84745432.0,1.351,1.351
515020.SH,20250711,1.919,1.93,1.883,1.889,250398.0,47797700.0,1.889,1.889
515030.SH,20250711,1.253,1.27,1.246,1.258,582854.0,73437576.0,1.258,1.258
515050.SH,20250711,1.213,1.219,1.206,1.21,1096368.0,132897304.0,1.21,1.21
515060.SH,20250711,0.686,0.689,0.681,0.685,435679.0,29830628.0,0.685,0.685
515070.SH,20250711,1.206,1.224,1.199,1.22,886687.0,107741000.0,1.22,1.22
515080.SH,20250711,1.547000000782311,1.554000000782311,1.539000000782311,1.540000000782311,2378398.0,376638432.0,1.575,1.9249999940395355
515090.SH,20250711,1.224,1.232,1.224,1.224,2208.0,270713.0,1.224,1.224
515100.SH,20250711,1.4376999981999397,1.4446999981999398,1.4306999981999398,1.4306999981999398,2412650.0,372212672.0,1.536,1.9730000064373017
515110.SH,20250711,1.38,1.392,1.379,1.382,53262.0,7371122.0,1.382,1.382
515120.SH,20250711,0.612,0.625,0.611,0.621,3875521.0,240477888.0,0.621,0.621
515130.SH,20250711,1.29,1.312,1.29,1.297,212267.0,27626760.0,1.297,1.297
515150.SH,20250711,1.305,1.313,1.302,1.303,26562.0,3468437.0,1.303,1.303
515160.SH,20250711,1.341,1.357,1.34,1.342,27137.0,3656896.0,1.342,1.342
515170.SH,20250711,0.565,0.572,0.564,0.568,1826659.0,103732432.0,0.568,0.568
515180.SH,20250711,1.3649999993145465,1.3729999993145465,1.3579999993145466,1.3589999993145465,3395412.0,484779968.0,1.42,1.6909999978542327
515190.SH,20250711,1.241,1.253,1.23,1.246,599.0,74494.0,1.246,1.246
515200.SH,20250711,1.604,1.62,1.603,1.613,14850.0,2392995.0,1.613,1.613
515210.SH,20250711,1.2460000013411046,1.2780000013411046,1.2440000013411046,1.2660000013411046,3230759.0,428537920.0,1.326,1.4909999972432852
515220.SH,20250711,0.9960000008940697,0.9970000008940696,0.9860000008940697,0.9890000008940696,8169144.0,843182400.0,1.029,2.3180000016391276
515230.SH,20250711,0.837,0.865,0.827,0.856,3110177.0,265903792.0,0.856,0.856
515250.SH,20250711,0.949,0.958,0.938,0.954,569278.0,54285076.0,0.954,0.954
515260.SH,20250711,0.448,0.4545,0.4475,0.452,117839.0,10649176.0,0.904,0.904
515290.SH,20250711,1.623,1.632,1.592,1.6,855257.0,137850256.0,1.6,1.6
515300.SH,20250711,1.3709000000804663,1.3799000000804662,1.3619000000804662,1.3619000000804662,980601.0,138996016.0,1.408,1.6980000009685754
515310.SH,20250711,1.183,1.203,1.183,1.188,286957.0,34291824.0,1.188,1.188
515320.SH,20250711,0.83,0.841,0.829,0.838,70413.0,5901117.0,0.838,0.838
515330.SH,20250711,1.138,1.156,1.138,1.143,263450.0,30183408.0,1.143,1.143
515350.SH,20250711,5.305,5.377,5.3,5.312,28372.0,15132591.0,5.312,5.312
515360.SH,20250711,5.513,5.574,5.513,5.522,1666.0,920197.0,5.522,5.522
515380.SH,20250711,4.565,4.639,4.565,4.582,102926.0,47366992.0,4.582,4.582
515390.SH,20250711,1.151,1.17,1.151,1.154,378187.0,43864672.0,1.154,1.154
515400.SH,20250711,0.852,0.868,0.844,0.864,1233986.0,106013352.0,0.864,0.864
515450.SH,20250711,1.4339999988824128,1.442999998882413,1.422999998882413,1.424999998882413,2106484.0,317761536.0,1.5,1.8550000004470348
515530.SH,20250711,3.251,3.272,3.246,3.249,2962.0,966097.0,3.249,3.249
515550.SH,20250711,1.327,1.35,1.325,1.338,12925.0,1727604.0,1.338,1.338
515560.SH,20250711,1.053,1.099,1.053,1.08,171483.0,18504866.0,1.08,1.08
515580.SH,20250711,0.877,0.885,0.875,0.88,128722.0,11337624.0,0.88,1.76
515590.SH,20250711,1.509,1.528,1.509,1.519,2248.0,342834.0,1.519,1.519
515600.SH,20250711,1.477,1.495,1.475,1.48,38163.0,5669140.0,1.48,1.48
515630.SH,20250711,1.345,1.395,1.342,1.37,403496.0,55360868.0,1.37,1.37
515650.SH,20250711,1.144,1.159,1.143,1.152,381627.0,44000348.0,1.152,1.152
515660.SH,20250711,4.91,4.97,4.826,4.922,9660.0,4758119.0,4.922,4.922
515680.SH,20250711,1.488,1.501,1.486,1.49,36294.0,5425469.0,1.49,1.49
515700.SH,20250711,1.666,1.69,1.657,1.674,202571.0,33966536.0,1.674,1.674
515710.SH,20250711,0.601,0.609,0.6,0.604,625037.0,37816040.0,0.604,0.604
515750.SH,20250711,1.403,1.421,1.396,1.415,106579.0,15063847.0,1.415,1.415
515760.SH,20250711,1.384,1.392,1.378,1.38,28226.0,3911191.0,1.38,1.38
515770.SH,20250711,1.203,1.216,1.201,1.203,84430.0,10186043.0,1.203,1.203
515790.SH,20250711,0.73,0.733,0.723,0.726,11875256.0,863413056.0,0.726,0.726
515800.SH,20250711,1.054,1.069,1.052,1.056,1868416.0,198444592.0,1.056,1.1680000034570694
515810.SH,20250711,1.356,1.374,1.354,1.362,161786.0,22060700.0,1.362,1.362
515850.SH,20250711,1.416,1.476,1.416,1.45,334302.0,48318512.0,1.45,1.45
515860.SH,20250711,1.247,1.262,1.247,1.256,34451.0,4333222.0,1.256,1.256
515880.SH,20250711,0.49333333333333335,0.49700000000000005,0.49133333333333334,0.4936666666666667,1598846.0,237015488.0,1.481,1.481
515890.SH,20250711,1.390799999654293,1.3997999996542931,1.3837999996542931,1.386799999654293,85660.0,12468724.0,1.448,1.7191999956518411
515900.SH,20250711,1.474,1.494,1.473,1.482,76754.0,11410061.0,1.482,1.482
515910.SH,20250711,0.505,0.512,0.505,0.508,253110.0,12912318.0,0.508,0.508
515920.SH,20250711,0.87,0.883,0.869,0.878,56037.0,4923595.0,0.878,0.878
515950.SH,20250711,0.903,0.92,0.903,0.914,295078.0,26970056.0,0.914,1.041000004053116
515960.SH,20250711,0.79,0.8,0.79,0.795,61840.0,4928192.0,0.795,0.795
515980.SH,20250711,0.5135,0.521,0.5105,0.519,1247274.0,128975320.0,1.038,1.038
515990.SH,20250711,1.302,1.308,1.301,1.303,13371.0,1740350.0,1.303,1.303
516000.SH,20250711,0.92,0.937,0.911,0.933,158060.0,14663928.0,0.933,0.933
516010.SH,20250711,1.308,1.31,1.292,1.305,1070137.0,139012128.0,1.305,1.305
516020.SH,20250711,0.614,0.619,0.612,0.616,213371.0,13133874.0,0.616,0.616
516050.SH,20250711,0.722,0.733,0.722,0.729,79510.0,5799948.0,0.729,0.729
516060.SH,20250711,0.564,0.574,0.563,0.57,69728.0,3978628.0,0.57,0.57
516070.SH,20250711,0.464,0.467,0.462,0.463,239987.0,11134340.0,0.463,0.926
516080.SH,20250711,0.638,0.652,0.638,0.647,345716.0,22364460.0,0.647,0.647
516090.SH,20250711,0.385,0.387,0.382,0.384,432709.0,16645751.0,0.384,0.768
516100.SH,20250711,1.371,1.439,1.363,1.424,601272.0,84759560.0,1.424,1.424
516110.SH,20250711,1.281,1.292,1.278,1.282,301378.0,38734012.0,1.282,1.282
516120.SH,20250711,0.623,0.628,0.621,0.624,166844.0,10421549.0,0.624,0.624
516130.SH,20250711,0.757,0.764,0.755,0.758,61187.0,4645290.0,0.758,0.758
516150.SH,20250711,1.24,1.304,1.232,1.291,2911103.0,369859968.0,1.291,1.291
516160.SH,20250711,1.978,1.987,1.965,1.97,460251.0,90993552.0,1.97,0.6089270627498626
516180.SH,20250711,0.602,0.603,0.597,0.6,104439.0,6258707.0,0.6,0.6
516190.SH,20250711,1.072,1.076,1.062,1.074,28169.0,3018815.0,1.074,1.074
516200.SH,20250711,1.105,1.151,1.105,1.13,210407.0,23827816.0,1.13,1.13
516210.SH,20250711,1.538,1.547,1.51,1.521,104165.0,15936574.0,1.521,1.521
516220.SH,20250711,0.64,0.643,0.637,0.639,109675.0,7018405.0,0.639,0.639
516260.SH,20250711,0.849,0.861,0.849,0.857,6993.0,598206.0,0.857,0.857
516270.SH,20250711,0.459,0.461,0.455,0.457,160361.0,7354922.0,0.457,0.457
516290.SH,20250711,0.455,0.455,0.449,0.453,759036.0,34288792.0,0.453,0.453
516300.SH,20250711,2.64,2.679,2.64,2.665,59660.0,15882745.0,2.665,1.1238305020332338
516310.SH,20250711,1.493,1.5,1.463,1.468,659438.0,97527072.0,1.468,1.468
516320.SH,20250711,0.751,0.758,0.751,0.754,18345.0,1385987.0,0.754,0.754
516330.SH,20250711,0.988,0.998,0.988,0.993,8617.0,852021.0,0.993,0.993
516350.SH,20250711,0.824,0.839,0.821,0.837,289326.0,24118868.0,0.837,0.837
516360.SH,20250711,0.693,0.698,0.691,0.693,15801.0,1098711.0,0.693,0.693
516380.SH,20250711,0.76,0.769,0.758,0.764,6989.0,534250.0,0.764,0.764
516390.SH,20250711,0.68,0.688,0.675,0.682,70478.0,4815121.0,0.682,0.682
516460.SH,20250711,1.062,1.067,1.056,1.065,4770.0,506267.0,1.065,1.065
516500.SH,20250711,0.627,0.639,0.627,0.636,58506.0,3712849.0,0.636,0.636
516510.SH,20250711,1.176,1.198,1.165,1.192,1554668.0,184271104.0,1.192,1.192
516520.SH,20250711,1.051,1.06,1.042,1.054,197178.0,20749352.0,1.054,1.054
516530.SH,20250711,0.935,0.938,0.932,0.933,13367.0,1248424.0,0.933,0.933
516550.SH,20250711,0.668,0.676,0.668,0.672,109908.0,7401387.0,0.672,0.672
516560.SH,20250711,0.843,0.849,0.842,0.845,67571.0,5703733.0,0.845,0.845
516570.SH,20250711,0.745,0.745,0.732,0.739,36018.0,2666716.0,0.739,0.739
516580.SH,20250711,0.464,0.468,0.463,0.465,12810.0,596224.0,0.465,0.465
516590.SH,20250711,0.96,0.968,0.953,0.959,49820.0,4793669.0,0.959,0.959
516600.SH,20250711,0.622,0.631,0.622,0.624,51213.0,3197052.0,0.624,0.624
516610.SH,20250711,0.475,0.482,0.475,0.48,81645.0,3912551.0,0.48,0.48
516620.SH,20250711,1.005,1.009,0.997,1.009,99396.0,9978643.0,1.009,1.009
516630.SH,20250711,1.148,1.162,1.131,1.156,174249.0,19965498.0,1.156,1.156
516640.SH,20250711,0.739,0.752,0.735,0.749,619980.0,46291948.0,0.749,0.749
516650.SH,20250711,1.121,1.15,1.121,1.138,119661.0,13556392.0,1.138,1.138
516660.SH,20250711,0.767,0.78,0.767,0.773,15390.0,1196019.0,0.773,0.773
516670.SH,20250711,0.672,0.682,0.672,0.676,346650.0,23480888.0,0.676,0.676
516700.SH,20250711,0.898,0.914,0.889,0.911,94019.0,8509162.0,0.911,0.911
516710.SH,20250711,0.498,0.501,0.498,0.498,34473.0,1719086.0,0.498,0.498
516720.SH,20250711,0.926,0.936,0.924,0.926,29750.0,2761678.0,0.926,0.926
516730.SH,20250711,1.042,1.077,1.036,1.057,107373.0,11408524.0,1.057,1.057
516750.SH,20250711,0.654,0.655,0.649,0.654,191215.0,12459904.0,0.654,0.654
516760.SH,20250711,0.652,0.659,0.652,0.654,83327.0,5458712.0,0.654,0.654
516770.SH,20250711,1.356,1.362,1.342,1.357,195637.0,26409828.0,1.357,1.357
516780.SH,20250711,1.195,1.257,1.186,1.246,2372873.0,291152704.0,1.246,1.246
516790.SH,20250711,0.573,0.576,0.572,0.575,51613.0,2959764.0,0.575,0.575
516800.SH,20250711,0.5615,0.569,0.559,0.566,34161.0,3859584.0,1.132,1.132
516810.SH,20250711,0.748,0.756,0.748,0.751,146200.0,10970096.0,0.751,0.751
516820.SH,20250711,0.353,0.362,0.353,0.358,4437832.0,159482912.0,0.358,0.358
516830.SH,20250711,0.875,0.886,0.874,0.875,73494.0,6467396.0,0.875,0.875
516850.SH,20250711,0.72,0.724,0.716,0.718,86395.0,6213014.0,0.718,0.718
516860.SH,20250711,1.43,1.503,1.419,1.481,2243763.0,329941568.0,1.481,1.481
516880.SH,20250711,0.616,0.617,0.611,0.614,980520.0,60174720.0,0.614,0.614
516890.SH,20250711,0.522,0.527,0.522,0.523,14698.0,771020.0,0.523,0.523
516900.SH,20250711,0.594,0.6,0.591,0.596,168512.0,10051020.0,0.596,0.596
516910.SH,20250711,1.088,1.089,1.08,1.082,166768.0,18064982.0,1.082,1.082
516920.SH,20250711,0.72,0.732,0.717,0.731,184912.0,13447135.0,0.731,0.731
516930.SH,20250711,0.5,0.514,0.5,0.512,18362.0,939187.0,0.512,0.512
516950.SH,20250711,1.077,1.084,1.071,1.075,261659.0,28209462.0,1.075,1.075
516960.SH,20250711,0.751,0.759,0.741,0.754,2744.0,207301.0,0.754,0.754
516970.SH,20250711,1.094,1.107,1.092,1.096,480378.0,52794776.0,1.096,1.096
516980.SH,20250711,1.135,1.181,1.135,1.162,48451.0,5639184.0,1.162,1.162
517000.SH,20250711,0.898,0.907,0.898,0.901,29029.0,2625499.0,0.901,0.901
517010.SH,20250711,0.987,1.015,0.987,1.008,27956.0,2823939.0,1.008,1.008
517030.SH,20250711,1.0,1.011,0.998,0.999,12185.0,1221237.0,0.999,0.999
517050.SH,20250711,0.809,0.825,0.809,0.818,82695.0,6768116.0,0.818,0.818
517080.SH,20250711,0.893,0.902,0.89,0.895,34731.0,3116782.0,0.895,0.895
517090.SH,20250711,1.527,1.538,1.518,1.519,108923.0,16647408.0,1.519,1.519
517100.SH,20250711,0.906,0.916,0.906,0.909,30226.0,2753993.0,0.909,0.909
517110.SH,20250711,0.673,0.689,0.673,0.686,133974.0,9176756.0,0.686,0.686
517120.SH,20250711,0.628,0.649,0.628,0.646,154814.0,9983544.0,0.646,0.646
517160.SH,20250711,0.765,0.773,0.765,0.771,1202.0,92197.0,0.771,0.771
517170.SH,20250711,0.91,0.921,0.91,0.916,1486.0,136460.0,0.916,0.916
517180.SH,20250711,1.4640000003352762,1.4800000003352762,1.461000000335276,1.461000000335276,284176.0,42210084.0,1.476,1.595999997317791
517200.SH,20250711,0.734,0.743,0.723,0.738,42717.0,3151087.0,0.738,0.738
517300.SH,20250711,0.824,0.835,0.824,0.83,69207.0,5761372.0,0.83,0.83
517330.SH,20250711,0.768,0.776,0.768,0.772,9975.0,770684.0,0.772,0.772
517350.SH,20250711,0.759,0.771,0.759,0.765,21263.0,1632373.0,0.765,0.765
517360.SH,20250711,1.042,1.051,1.042,1.047,7379.0,772747.0,1.047,1.047
517380.SH,20250711,0.678,0.698,0.678,0.693,301898.0,20910578.0,0.693,0.693
517390.SH,20250711,1.158,1.176,1.155,1.172,115125.0,13460123.0,1.172,1.172
517400.SH,20250711,1.151,1.166,1.15,1.157,132639.0,15334763.0,1.157,1.157
517520.SH,20250711,1.45,1.468,1.446,1.457,1237515.0,180135888.0,1.457,1.457
517550.SH,20250711,0.764,0.783,0.764,0.777,20363.0,1583726.0,0.777,0.777
517660.SH,20250711,0.96,0.974,0.96,0.969,39277.0,3813070.0,0.969,0.969
517770.SH,20250711,1.09,1.094,1.086,1.09,22303.0,2431492.0,1.09,1.09
517800.SH,20250711,0.737,0.746,0.732,0.745,118454.0,8786476.0,0.745,0.745
517850.SH,20250711,0.9,0.913,0.9,0.909,27008.0,2456845.0,0.909,0.909
517880.SH,20250711,0.873,0.883,0.873,0.88,27517.0,2422694.0,0.88,0.88
517900.SH,20250711,1.679,1.69,1.651,1.652,495319.0,82683736.0,1.652,1.652
517990.SH,20250711,0.868,0.879,0.868,0.874,10582.0,927327.0,0.874,0.874
518600.SH,20250711,7.687,7.705,7.685,7.689,70693.0,54394708.0,7.689,6.854848077474397
518660.SH,20250711,7.365,7.383,7.362,7.369,116397.0,85815128.0,7.369,7.369
518680.SH,20250711,7.689,7.709,7.688,7.694,79871.0,61475036.0,7.694,7.3677743809223175
518800.SH,20250711,7.283,7.301,7.283,7.286,264330.0,192719008.0,7.286,7.286
518850.SH,20250711,7.416,7.432,7.411,7.416,337319.0,250281728.0,7.416,7.416
518860.SH,20250711,7.398,7.412,7.391,7.393,31854.0,23573076.0,7.393,7.393
518880.SH,20250711,7.375,7.392,7.372,7.376,2616554.0,1931126784.0,7.376,7.376
518890.SH,20250711,7.4,7.409,7.389,7.392,24770.0,18323176.0,7.392,7.392
520500.SH,20250711,1.63,1.652,1.626,1.644,5504523.0,903474176.0,1.644,1.644
520520.SH,20250711,1.12,1.136,1.12,1.125,292562.0,33063276.0,1.125,1.125
520550.SH,20250711,1.1609999984800816,1.1739999984800815,1.1609999984800816,1.1629999984800816,844302.0,101341440.0,1.195,1.2010000002849848
520580.SH,20250711,1.005,1.007,1.004,1.006,103402.0,10391315.0,1.006,1.006
520600.SH,20250711,1.17,1.183,1.169,1.175,3018993.0,355346080.0,1.175,1.175
520660.SH,20250711,0.9510000006705522,0.9610000006705522,0.9510000006705522,0.9570000006705522,613178.0,60522632.0,0.987,1.001999999664724
520700.SH,20250711,1.476,1.503,1.475,1.493,3698608.0,551199680.0,1.493,1.493
520830.SH,20250711,0.958,0.959,0.957,0.958,807982.0,77387048.0,0.958,0.958
520880.SH,20250711,0.503,0.512,0.503,0.5095,1348935.0,137374992.0,1.019,1.019
520890.SH,20250711,1.411,1.418,1.406,1.409,65794.0,9297376.0,1.409,1.409
520900.SH,20250711,0.9694000000525266,0.9814000000525266,0.9684000000525266,0.9754000000525266,1382544.0,137021616.0,0.989,1.0004000003086402
520940.SH,20250711,1.011,1.028,1.011,1.021,323510.0,33119480.0,1.021,1.021
520980.SH,20250711,1.013,1.038,1.009,1.022,8159681.0,837408576.0,1.022,1.022
520990.SH,20250711,0.9384000008106231,0.9524000008106231,0.9384000008106231,0.9454000008106231,1443312.0,140268912.0,0.97,1.0029000018537044
530000.SH,20250711,1.262,1.282,1.262,1.265,19335.0,2455034.0,1.265,1.265
530050.SH,20250711,1.066,1.086,1.066,1.07,41934.0,4510353.0,1.07,1.07
530080.SH,20250711,1.073,1.088,1.072,1.073,101046.0,10911207.0,1.073,1.073
530180.SH,20250711,1.032,1.045,1.03,1.032,55100.0,5709150.0,1.032,1.032
530280.SH,20250711,1.065,1.074,1.063,1.066,45189.0,4830898.0,1.066,1.066
530300.SH,20250711,1.066,1.081,1.064,1.068,108063.0,11587194.0,1.068,1.068
530580.SH,20250711,1.025,1.038,1.023,1.026,295292.0,30396036.0,1.026,1.026
530680.SH,20250711,1.0280000007748604,1.0480000007748604,1.0280000007748604,1.0350000007748603,229922.0,24219216.0,1.053,1.053
530800.SH,20250711,1.07,1.08,1.068,1.068,78384.0,8424057.0,1.068,1.068
530880.SH,20250711,1.0274999997187406,1.0354999997187406,1.0214999997187406,1.0254999997187406,89189.0,9332900.0,1.04,1.0521999997645617
560000.SH,20250711,0.657,0.667,0.657,0.664,11116.0,738083.0,0.664,0.664
560010.SH,20250711,2.621,2.662,2.617,2.648,933304.0,247067696.0,2.648,0.9347439608573914
560020.SH,20250711,1.0810000002384186,1.0840000002384185,1.0730000002384186,1.0760000002384187,17553.0,1975228.0,1.12,1.1570000004768373
560030.SH,20250711,1.27,1.284,1.266,1.266,9291.0,1183964.0,1.266,1.266
560050.SH,20250711,0.853,0.864,0.851,0.852,824692.0,70567064.0,0.852,0.852
560060.SH,20250711,0.76,0.769,0.76,0.763,31858.0,2438473.0,0.763,0.763
560070.SH,20250711,1.0360000015497208,1.0440000015497208,1.0340000015497208,1.0380000015497208,32294.0,3471066.0,1.074,1.1240000026077033
560080.SH,20250711,1.065,1.076,1.064,1.07,377186.0,40387396.0,1.07,1.07
560090.SH,20250711,1.239,1.293,1.239,1.267,1122198.0,142355568.0,1.267,1.267
560100.SH,20250711,1.019,1.029,1.016,1.023,55102.0,5627123.0,1.023,1.023
560110.SH,20250711,0.942,0.957,0.939,0.953,189840.0,18009108.0,0.953,0.953
560150.SH,20250711,1.1929000006243586,1.1979000006243588,1.1799000006243587,1.1819000006243587,118885.0,14614990.0,1.219,1.225099999882281
560170.SH,20250711,0.876,0.885,0.874,0.882,219828.0,19358960.0,0.882,0.882
560180.SH,20250711,1.036,1.048,1.036,1.036,94636.0,9859917.0,1.036,1.036
560190.SH,20250711,0.993,0.999,0.991,0.998,4983.0,495881.0,0.998,0.998
560220.SH,20250711,1.2120000023841857,1.2210000023841858,1.2060000023841857,1.2160000023841857,27129.0,3456374.0,1.281,1.281
560260.SH,20250711,0.839,0.856,0.839,0.853,183328.0,15587358.0,0.853,0.853
560280.SH,20250711,1.308,1.323,1.306,1.313,122659.0,16142547.0,1.313,1.313
560300.SH,20250711,1.456,1.47,1.45,1.458,13164.0,1921864.0,1.458,1.458
560330.SH,20250711,1.248,1.264,1.242,1.243,32537.0,4080387.0,1.243,1.243
560350.SH,20250711,1.115900000039488,1.132900000039488,1.112900000039488,1.119900000039488,1034332.0,117724392.0,1.135,1.1726999997533858
560360.SH,20250711,1.375,1.425,1.366,1.413,45497.0,6405371.0,1.413,1.413
560380.SH,20250711,1.024,1.041,1.024,1.03,150733.0,15585319.0,1.03,1.03
560500.SH,20250711,1.0,1.008,1.0,1.002,24746.0,2482018.0,1.002,1.002
560510.SH,20250711,0.95819999961555,0.97219999961555,0.95819999961555,0.96119999961555,1814274.0,179148128.0,0.984,0.9854000000082888
560520.SH,20250711,1.125,1.125,1.118,1.118,4702.0,527997.0,1.118,1.118
560530.SH,20250711,0.9922000000216067,1.0052000000216066,0.9902000000216067,0.9942000000216067,3140227.0,317286304.0,1.006,1.0168000001637265
560550.SH,20250711,0.781,0.787,0.776,0.78,38952.0,3044526.0,0.78,0.78
560560.SH,20250711,0.567,0.571,0.566,0.569,12772.0,726022.0,0.569,0.569
560580.SH,20250711,1.057,1.059,1.05,1.059,28468.0,3003311.0,1.059,1.059
560590.SH,20250711,1.195,1.203,1.192,1.203,3640.0,435254.0,1.203,1.203
560610.SH,20250711,0.9589999993517995,0.9739999993517995,0.9589999993517995,0.9649999993517995,3481400.0,344154400.0,0.986,0.9870000000474974
560620.SH,20250711,0.929,0.936,0.928,0.932,24984.0,2329182.0,0.932,0.932
560630.SH,20250711,0.907,0.925,0.9,0.917,136633.0,12483529.0,0.917,0.917
560650.SH,20250711,0.861,0.875,0.856,0.862,21249.0,1840272.0,0.862,0.862
560660.SH,20250711,1.202,1.222,1.193,1.216,26448.0,3205444.0,1.216,1.216
560680.SH,20250711,0.883,0.888,0.873,0.882,169142.0,14935783.0,0.882,0.882
560690.SH,20250711,1.39,1.408,1.387,1.401,15546.0,2179961.0,1.401,1.401
560700.SH,20250711,1.0327000012993812,1.0397000012993813,0.9247000012993812,1.0317000012993813,369022.0,40095200.0,1.084,1.1425000012069941
560750.SH,20250711,1.063,1.077,1.062,1.067,140928.0,15057920.0,1.067,1.067
560780.SH,20250711,1.148,1.158,1.141,1.155,21967.0,2530955.0,1.155,1.155
560800.SH,20250711,0.759,0.776,0.754,0.772,329111.0,25277088.0,0.772,0.772
560810.SH,20250711,0.984,0.985,0.979,0.983,27077.0,2658111.0,0.983,0.983
560820.SH,20250711,1.063,1.079,1.06,1.067,350422.0,37345444.0,1.067,1.067
560850.SH,20250711,1.276,1.309,1.274,1.299,164644.0,21383836.0,1.299,1.299
560860.SH,20250711,0.915,0.945,0.914,0.94,560405.0,52314300.0,0.94,0.94
560880.SH,20250711,1.395,1.413,1.395,1.409,131389.0,18486230.0,1.409,1.409
560890.SH,20250711,1.2529999997913837,1.2569999997913837,1.2399999997913838,1.2429999997913836,24660.0,3151148.0,1.267,1.267
560900.SH,20250711,0.879,0.898,0.879,0.895,75727.0,6762227.0,0.895,0.895
560950.SH,20250711,1.109,1.128,1.109,1.121,20738.0,2313801.0,1.121,1.121
560980.SH,20250711,0.477,0.478,0.473,0.476,304588.0,14495104.0,0.476,0.476
560990.SH,20250711,0.853,0.862,0.852,0.858,15572.0,1334387.0,0.858,0.858
561000.SH,20250711,1.15,1.167,1.15,1.152,78347.0,9091707.0,1.152,1.152
561010.SH,20250711,1.08,1.117,1.074,1.109,57218.0,6273889.0,1.109,1.109
561060.SH,20250711,1.129,1.136,1.121,1.122,18367.0,2072814.0,1.122,1.1490000007003547
561080.SH,20250711,1.069,1.072,1.063,1.065,137977.0,14732712.0,1.065,1.065
561090.SH,20250711,1.018,1.029,1.018,1.021,135576.0,13890322.0,1.021,1.021
561100.SH,20250711,0.874,0.882,0.867,0.88,126099.0,11051345.0,0.88,0.88
561120.SH,20250711,1.195,1.211,1.194,1.205,64608.0,7774217.0,1.205,1.205
561130.SH,20250711,0.796,0.809,0.796,0.803,146872.0,11773622.0,0.803,0.803
561160.SH,20250711,0.506,0.512,0.501,0.508,375226.0,19027052.0,0.508,0.508
561170.SH,20250711,1.1,1.101,1.093,1.097,219963.0,24133522.0,1.097,1.097
561180.SH,20250711,1.103,1.118,1.092,1.106,44507.0,4933240.0,1.106,1.106
561190.SH,20250711,0.777,0.786,0.777,0.779,108644.0,8507238.0,0.779,0.779
561200.SH,20250711,1.213,1.232,1.213,1.218,24976.0,3056082.0,1.218,1.218
561220.SH,20250711,1.03,1.043,1.03,1.038,183944.0,19100836.0,1.038,1.038
561230.SH,20250711,1.1318000000715256,1.1528000000715255,1.1318000000715256,1.1388000000715255,277325.0,31987408.0,1.152,1.182799999833107
561260.SH,20250711,1.092,1.105,1.092,1.097,42768.0,4684386.0,1.097,1.097
561280.SH,20250711,1.246,1.309,1.242,1.259,20708.0,2593347.0,1.259,1.259
561300.SH,20250711,0.854,0.868,0.854,0.858,482858.0,41613636.0,0.858,0.858
561310.SH,20250711,0.783,0.798,0.783,0.793,45480.0,3599541.0,0.793,0.793
561320.SH,20250711,0.97,0.976,0.966,0.967,16359.0,1586943.0,0.967,0.967
561330.SH,20250711,1.11,1.135,1.1,1.124,30802.0,3465584.0,1.124,1.124
561350.SH,20250711,0.946,0.961,0.944,0.956,309066.0,29441588.0,0.956,0.956
561360.SH,20250711,1.04,1.046,1.037,1.037,219156.0,22821960.0,1.037,1.037
561370.SH,20250711,1.178,1.189,1.162,1.189,8985.0,1063265.0,1.189,1.189
561380.SH,20250711,1.029,1.041,1.029,1.037,43759.0,4536351.0,1.037,1.037
561500.SH,20250711,0.673,0.683,0.673,0.677,14972.0,1014178.0,0.677,0.677
561510.SH,20250711,1.039,1.049,1.039,1.044,30203.0,3160297.0,1.044,1.044
561550.SH,20250711,0.995,1.006,0.993,1.001,272672.0,27270076.0,1.001,1.001
561560.SH,20250711,1.207,1.215,1.204,1.212,447849.0,54160952.0,1.212,1.212
561570.SH,20250711,0.974,0.981,0.974,0.976,46563.0,4551353.0,0.976,0.976
561580.SH,20250711,1.1740000021234154,1.1830000021234155,1.1660000021234154,1.1690000021234155,236700.0,30065076.0,1.264,1.2739999997764826
561590.SH,20250711,1.122,1.136,1.121,1.133,47243.0,5334866.0,1.133,1.133
561600.SH,20250711,0.818,0.825,0.809,0.822,126007.0,10316281.0,0.822,0.822
561700.SH,20250711,1.051,1.056,1.047,1.053,70352.0,7404250.0,1.053,1.053
561750.SH,20250711,1.021,1.04,1.021,1.026,128072.0,13189253.0,1.026,1.026
561760.SH,20250711,0.952,0.963,0.948,0.951,33143.0,3154824.0,0.951,0.951
561770.SH,20250711,1.04,1.052,1.033,1.042,99884.0,10449029.0,1.042,1.042
561780.SH,20250711,1.212,1.237,1.212,1.224,32027.0,3915805.0,1.224,1.224
561790.SH,20250711,1.092,1.104,1.092,1.098,62689.0,6901998.0,1.098,1.098
561800.SH,20250711,0.595,0.619,0.594,0.609,160883.0,9788479.0,0.609,0.609
561870.SH,20250711,1.0456999999657273,1.0596999999657273,1.0396999999657273,1.0526999999657274,45701.0,4854733.0,1.062,1.062
561880.SH,20250711,1.048099999587983,1.0630999995879828,1.0470999995879828,1.052099999587983,105457.0,11234624.0,1.062,1.0630000000474975
561900.SH,20250711,0.86,0.87,0.86,0.864,54743.0,4731076.0,0.864,0.864
561910.SH,20250711,0.505,0.511,0.501,0.507,962006.0,48798632.0,0.507,0.507
561920.SH,20250711,0.713,0.726,0.713,0.723,6013.0,434093.0,0.723,0.723
561930.SH,20250711,1.286,1.309,1.286,1.293,293137.0,38142184.0,1.293,1.293
561950.SH,20250711,1.13,1.145,1.128,1.139,53343.0,6081822.0,1.139,1.139
561960.SH,20250711,1.126,1.133,1.121,1.127,18556.0,2091300.0,1.127,1.1510000002086163
561980.SH,20250711,1.285,1.307,1.28,1.303,355388.0,46133836.0,1.303,1.303
561990.SH,20250711,0.91,0.92,0.906,0.909,349817.0,31915336.0,0.909,0.909
562000.SH,20250711,0.491,0.4985,0.4905,0.493,331194.0,32692430.0,0.986,0.986
562010.SH,20250711,0.742,0.748,0.741,0.745,6878.0,511927.0,0.745,0.745
562030.SH,20250711,0.481,0.4915,0.479,0.4885,181226.0,17656596.0,0.977,0.977
562050.SH,20250711,1.002,1.012,1.002,1.002,322248.0,32488472.0,1.002,1.002
562060.SH,20250711,0.5723000001311302,0.5738000001311302,0.5663000001311302,0.5678000001311302,1053838.0,125300536.0,1.184,1.230000000089407
562080.SH,20250711,0.5385,0.544,0.538,0.5395,403823.0,43723104.0,1.079,1.079
562300.SH,20250711,0.569,0.575,0.569,0.571,1691.0,96669.0,0.571,0.571
562310.SH,20250711,0.789,0.8,0.789,0.792,156704.0,12466278.0,0.792,0.792
562320.SH,20250711,1.336,1.353,1.331,1.331,81551.0,10953201.0,1.331,1.331
562330.SH,20250711,1.026,1.038,1.021,1.037,3738.0,386719.0,1.037,1.037
562340.SH,20250711,1.085,1.086,1.082,1.086,683.0,74047.0,1.086,1.086
562350.SH,20250711,1.057,1.059,1.051,1.055,52205.0,5511385.0,1.055,1.055
562360.SH,20250711,0.9,0.92,0.894,0.913,259899.0,23638116.0,0.913,0.913
562380.SH,20250711,0.9,0.916,0.9,0.914,14265.0,1301217.0,0.914,0.914
562390.SH,20250711,0.976,0.985,0.976,0.981,17095.0,1677533.0,0.981,0.981
562500.SH,20250711,0.829,0.847,0.823,0.842,14241917.0,1192615424.0,0.842,0.842
562510.SH,20250711,0.682,0.686,0.682,0.685,596900.0,40810496.0,0.685,0.685
562520.SH,20250711,1.077,1.088,1.077,1.085,28582.0,3095559.0,1.085,1.085
562530.SH,20250711,1.21,1.221,1.21,1.216,20393.0,2478553.0,1.216,1.216
562550.SH,20250711,1.091,1.098,1.09,1.095,36351.0,3974471.0,1.095,1.095
562560.SH,20250711,1.329,1.356,1.329,1.352,4429.0,595818.0,1.352,1.352
562570.SH,20250711,1.255,1.283,1.248,1.275,625434.0,79583352.0,1.275,1.275
562580.SH,20250711,1.153,1.161,1.153,1.157,6294.0,727135.0,1.157,1.157
562590.SH,20250711,1.101,1.11,1.094,1.11,109627.0,12089517.0,1.11,1.11
562600.SH,20250711,0.844,0.85,0.843,0.849,15828.0,1340770.0,0.849,0.849
562660.SH,20250711,1.428,1.438,1.415,1.435,106602.0,15176383.0,1.435,1.435
562700.SH,20250711,1.111,1.129,1.109,1.118,46894.0,5250908.0,1.118,1.118
562800.SH,20250711,0.561,0.584,0.56,0.574,1476669.0,84517456.0,0.574,0.574
562810.SH,20250711,1.0608999999016524,1.0768999999016524,1.0588999999016524,1.0698999999016523,38668.0,4176586.0,1.083,1.083
562820.SH,20250711,1.579,1.612,1.574,1.607,44965.0,7189783.0,1.607,1.607
562850.SH,20250711,1.095,1.107,1.094,1.1,70786.0,7794651.0,1.1,1.1
562860.SH,20250711,0.683,0.694,0.68,0.692,211227.0,14593353.0,0.692,0.692
562880.SH,20250711,0.515,0.523,0.512,0.518,209180.0,10840442.0,0.518,0.518
562890.SH,20250711,1.172,1.191,1.171,1.178,238436.0,28129692.0,1.178,1.178
562900.SH,20250711,0.765,0.774,0.765,0.768,75048.0,5778702.0,0.768,0.768
562910.SH,20250711,0.648,0.655,0.647,0.651,24261.0,1578654.0,0.651,0.651
562920.SH,20250711,0.942,0.957,0.936,0.952,20679.0,1965538.0,0.952,0.952
562930.SH,20250711,0.805,0.831,0.798,0.824,52645.0,4331069.0,0.824,0.824
562950.SH,20250711,0.828,0.839,0.824,0.834,105952.0,8833362.0,0.834,0.834
562960.SH,20250711,1.09,1.094,1.086,1.091,4298.0,468813.0,1.091,1.091
562970.SH,20250711,0.825,0.832,0.819,0.823,55169.0,4532666.0,0.823,0.823
562990.SH,20250711,0.777,0.784,0.775,0.778,150133.0,11705301.0,0.778,0.778
563000.SH,20250711,0.86,0.872,0.859,0.862,715042.0,61915000.0,0.862,0.862
563010.SH,20250711,1.355,1.368,1.35,1.357,26532.0,3595689.0,1.357,1.357
563020.SH,20250711,1.2489999997913837,1.2529999997913837,1.2349999997913836,1.2389999997913836,921878.0,116926960.0,1.263,1.3240000006854533
563030.SH,20250711,1.085,1.096,1.083,1.091,56430.0,6159875.0,1.091,1.091
563050.SH,20250711,0.92,0.926,0.917,0.924,45400.0,4190260.0,0.924,0.924
563060.SH,20250711,1.024,1.038,1.022,1.029,23531.0,2423167.0,1.029,1.029
563080.SH,20250711,1.175,1.196,1.175,1.182,727465.0,86397792.0,1.182,1.182
563090.SH,20250711,1.109,1.117,1.1,1.106,77218.0,8545910.0,1.106,1.106
563150.SH,20250711,0.94,0.95,0.94,0.945,3125.0,295226.0,0.945,0.945
563180.SH,20250711,1.081,1.088,1.079,1.08,160311.0,17374084.0,1.08,1.08
563200.SH,20250711,1.247,1.255,1.24,1.254,11367.0,1419427.0,1.254,1.254
563210.SH,20250711,1.042,1.053,1.035,1.048,11702.0,1227001.0,1.048,1.048
563220.SH,20250711,1.022,1.036,1.021,1.028,9978059.0,1026317824.0,1.028,1.028
563280.SH,20250711,1.13,1.14,1.126,1.126,18619.0,2101719.0,1.126,1.126
563300.SH,20250711,1.169,1.178,1.161,1.175,4978071.0,583068608.0,1.175,1.175
563330.SH,20250711,3.533,3.55,3.504,3.526,37474.0,13199117.0,3.526,1.1741580151319504
563350.SH,20250711,1.187,1.207,1.187,1.194,227587.0,27269820.0,1.194,1.194
563360.SH,20250711,1.04,1.056,1.04,1.044,34146284.0,3579670016.0,1.044,1.044
563390.SH,20250711,1.064,1.077,1.064,1.07,941083.0,100608648.0,1.07,1.07
563500.SH,20250711,0.5078999999836087,0.5153999999836087,0.5073999999836087,0.5093999999836087,1390134.0,145497792.0,1.044,1.0477000000011176
563520.SH,20250711,1.015,1.028,1.013,1.016,428362.0,43729840.0,1.016,1.016
563550.SH,20250711,1.03,1.041,1.029,1.033,257908.0,26718304.0,1.033,1.033
563630.SH,20250711,1.013,1.025,1.011,1.02,92144.0,9390564.0,1.02,1.02
563650.SH,20250711,1.033,1.047,1.032,1.037,231097.0,24040368.0,1.037,1.037
563660.SH,20250711,1.0127999999336899,1.0257999999336898,1.0127999999336899,1.0167999999336899,195962.0,20178072.0,1.028,1.031000000026077
563680.SH,20250711,1.047,1.059,1.047,1.053,41760.0,4397776.0,1.053,1.053
563700.SH,20250711,1.0650000004470348,1.070000000447035,1.0510000004470348,1.054000000447035,75927.0,8205312.0,1.074,1.0839999997764826
563760.SH,20250711,1.027,1.036,1.027,1.03,76598.0,7889883.0,1.03,1.03
563770.SH,20250711,1.04,1.055,1.04,1.047,87795.0,9222622.0,1.047,1.047
563780.SH,20250711,1.05,1.058,1.05,1.055,75022.0,7898125.0,1.055,1.055
563800.SH,20250711,0.983,0.995,0.981,0.985,11631480.0,1150048000.0,0.985,0.985
563830.SH,20250711,1.0175999996438623,1.0325999996438622,1.0175999996438623,1.0235999996438623,36588.0,3800640.0,1.036,1.036
563860.SH,20250711,1.033,1.046,1.031,1.036,341539.0,35437144.0,1.036,1.036
563880.SH,20250711,1.016,1.03,1.015,1.02,3198210.0,327349536.0,1.02,1.02
563900.SH,20250711,1.0278000004589558,1.0378000004589558,1.0268000004589557,1.0278000004589558,357372.0,37667244.0,1.05,1.0593999998643995
563990.SH,20250711,1.058,1.1,1.058,1.065,79519.0,8490798.0,1.065,1.065
588000.SH,20250711,1.033,1.052,1.031,1.047,445410.0,4652065792.0,1.047,1.047
588010.SH,20250711,0.627,0.634,0.624,0.631,176745.0,11152100.0,0.631,0.631
588020.SH,20250711,1.206,1.229,1.203,1.224,275254.0,33599096.0,1.224,1.224
588030.SH,20250711,1.006,1.022,1.001,1.017,2595422.0,263156800.0,1.017,1.017
588040.SH,20250711,1.027,1.041,1.022,1.039,35939.0,3722399.0,1.039,1.039
588050.SH,20250711,1.01,1.028,1.007,1.023,3551166.0,362640608.0,1.023,1.023
588060.SH,20250711,0.627,0.638,0.625,0.635,2672638.0,169286288.0,0.635,0.635
588070.SH,20250711,1.036,1.06,1.036,1.057,15080.0,1578509.0,1.057,1.057
588080.SH,20250711,0.9929999995678662,1.0109999995678662,0.9899999995678663,1.0059999995678663,9723332.0,989722496.0,1.02,1.02
588090.SH,20250711,1.012,1.031,1.01,1.027,1173310.0,120064280.0,1.027,1.027
588100.SH,20250711,1.297,1.325,1.294,1.318,121613.0,15956496.0,1.318,1.318
588110.SH,20250711,1.181,1.204,1.179,1.199,220318.0,26295234.0,1.199,1.199
588120.SH,20250711,1.008,1.023,1.004,1.02,904846.0,91906928.0,1.02,1.02
588130.SH,20250711,1.09,1.114,1.09,1.112,53820.0,5951444.0,1.112,1.112
588150.SH,20250711,0.689,0.702,0.688,0.698,216079.0,15081454.0,0.698,0.698
588160.SH,20250711,0.636,0.644,0.634,0.64,61608.0,3942721.0,0.64,0.64
588170.SH,20250711,1.019,1.03,1.013,1.028,391519.0,40053280.0,1.028,1.028
588180.SH,20250711,0.635,0.647,0.633,0.645,690143.0,44309768.0,0.645,0.645
588190.SH,20250711,1.004,1.018,0.997,1.014,1935768.0,195652000.0,1.014,1.014
588200.SH,20250711,1.497,1.533,1.492,1.527,18583908.0,2824203264.0,1.527,1.527
588210.SH,20250711,0.985,1.001,0.983,0.997,58988.0,5863538.0,0.997,0.997
588220.SH,20250711,1.005,1.023,1.002,1.019,2480373.0,251737984.0,1.019,1.019
588230.SH,20250711,1.137,1.157,1.132,1.155,232823.0,26787332.0,1.155,1.155
588240.SH,20250711,1.052,1.073,1.052,1.072,163458.0,17377120.0,1.072,1.072
588250.SH,20250711,1.11,1.132,1.11,1.126,151443.0,17023836.0,1.126,1.126
588260.SH,20250711,1.292,1.315,1.284,1.312,32288.0,4212167.0,1.312,1.312
588270.SH,20250711,1.057,1.071,1.057,1.067,36026.0,3828120.0,1.067,1.067
588280.SH,20250711,0.71,0.724,0.709,0.719,268220.0,19274870.0,0.719,0.719
588290.SH,20250711,1.464,1.497,1.459,1.491,979773.0,145275808.0,1.491,1.491
588300.SH,20250711,0.578,0.587,0.577,0.584,510711.0,29792254.0,0.584,0.584
588310.SH,20250711,0.617,0.626,0.617,0.623,26564.0,1652617.0,0.623,0.623
588320.SH,20250711,0.913,0.925,0.913,0.921,8943.0,823737.0,0.921,0.921
588330.SH,20250711,0.572,0.579,0.569,0.575,666715.0,38305472.0,0.575,0.575
588350.SH,20250711,0.869,0.882,0.868,0.877,18845.0,1653208.0,0.877,0.877
588360.SH,20250711,0.608,0.617,0.608,0.614,247330.0,15199950.0,0.614,0.614
588370.SH,20250711,1.026,1.043,1.022,1.04,61985.0,6432211.0,1.04,1.04
588380.SH,20250711,0.573,0.582,0.573,0.578,488341.0,28237716.0,0.578,0.578
588390.SH,20250711,0.611,0.62,0.611,0.618,179583.0,11107555.0,0.618,0.618
588400.SH,20250711,0.567,0.576,0.566,0.572,565797.0,32361984.0,0.572,0.572
588450.SH,20250711,1.261,1.283,1.257,1.282,87799.0,11179738.0,1.282,1.282
588460.SH,20250711,1.147,1.168,1.142,1.164,314135.0,36462720.0,1.164,1.164
588500.SH,20250711,1.404,1.431,1.403,1.428,19429.0,2764730.0,1.428,1.428
588520.SH,20250711,0.998,1.014,0.998,1.008,348073.0,35049244.0,1.008,1.008
588660.SH,20250711,0.962,0.977,0.96,0.971,207973.0,20235512.0,0.971,0.971
588670.SH,20250711,1.02,1.036,1.014,1.028,259987.0,26709804.0,1.028,1.028
588680.SH,20250711,1.479,1.505,1.479,1.498,17013.0,2546719.0,1.498,1.498
588700.SH,20250711,1.061,1.076,1.055,1.073,333110.0,35564852.0,1.073,1.073
588710.SH,20250711,1.045,1.067,1.045,1.067,87269.0,9225307.0,1.067,1.067
588720.SH,20250711,1.001,1.012,1.001,1.009,18635.0,1875642.0,1.009,1.009
588730.SH,20250711,1.03,1.05,1.021,1.045,895846.0,92890616.0,1.045,1.045
588750.SH,20250711,1.003,1.023,0.997,1.021,528346.0,53531016.0,1.021,1.021
588760.SH,20250711,0.529,0.541,0.525,0.538,3013644.0,161321360.0,0.538,1.076
588770.SH,20250711,0.935,0.956,0.935,0.95,82312.0,7800095.0,0.95,0.95
588780.SH,20250711,0.515,0.5245,0.512,0.5235,304929.0,31713220.0,1.047,1.047
588790.SH,20250711,0.562,0.575,0.558,0.572,5222374.0,296763712.0,0.572,1.144
588800.SH,20250711,0.976,0.992,0.971,0.987,1127516.0,110875320.0,0.987,0.987
588810.SH,20250711,1.055,1.079,1.05,1.075,111884.0,11970270.0,1.075,1.075
588820.SH,20250711,1.204,1.228,1.204,1.226,6270.0,766852.0,1.226,1.226
588830.SH,20250711,1.143,1.146,1.132,1.137,492356.0,56020912.0,1.137,1.137
588840.SH,20250711,0.904,0.922,0.904,0.919,82937.0,7583477.0,0.919,0.919
588850.SH,20250711,1.05,1.065,1.048,1.056,8236.0,868343.0,1.056,1.056
588860.SH,20250711,0.6975,0.713,0.6975,0.7095,145210.0,20538362.0,1.419,1.419
588870.SH,20250711,1.011,1.026,1.007,1.023,397960.0,40536616.0,1.023,1.023
588880.SH,20250711,0.973,0.991,0.971,0.987,197493.0,19382438.0,0.987,0.987
588890.SH,20250711,1.672,1.713,1.671,1.708,212406.0,36001704.0,1.708,1.708
588900.SH,20250711,1.007,1.026,1.006,1.021,313823.0,31804784.0,1.021,1.021
588910.SH,20250711,0.998,1.01,0.995,1.007,954067.0,96126104.0,1.007,1.007
588930.SH,20250711,1.106,1.128,1.096,1.122,991748.0,110647008.0,1.122,1.122
588940.SH,20250711,1.004,1.023,1.0,1.023,176759.0,17979576.0,1.023,1.023
588950.SH,20250711,1.01,1.031,1.01,1.028,14004.0,1433254.0,1.028,1.028
588960.SH,20250711,1.027,1.027,1.015,1.019,40272.0,4111429.0,1.019,1.019
588990.SH,20250711,1.564,1.601,1.561,1.594,126011.0,19980436.0,1.594,1.594
589000.SH,20250711,0.968,0.984,0.966,0.98,1887474.0,184349552.0,0.98,0.98
589010.SH,20250711,0.988,1.011,0.983,1.006,150985.0,15091506.0,1.006,1.006
589060.SH,20250711,1.01,1.027,1.009,1.024,178122.0,18192548.0,1.024,1.024
589080.SH,20250711,0.974,0.985,0.967,0.982,450264.0,44049288.0,0.982,0.982
589100.SH,20250711,0.963,0.986,0.963,0.984,137661.0,13422684.0,0.984,0.984
589180.SH,20250711,1.04,1.051,1.038,1.047,51724.0,5405854.0,1.047,1.047
589300.SH,20250711,1.0540999999679626,1.0720999999679626,1.0530999999679624,1.0720999999679626,59789.0,6366405.0,1.074,1.074
589380.SH,20250711,0.985,1.007,0.981,1.003,44798.0,4468713.0,1.003,1.003
589500.SH,20250711,0.964,0.982,0.964,0.978,234929.0,22899580.0,0.978,0.978
589520.SH,20250711,0.4225,0.431,0.419,0.429,150680.0,12859985.0,0.858,0.858
589580.SH,20250711,1.013,1.028,1.013,1.027,45514.0,4661289.0,1.027,1.027
589600.SH,20250711,0.95,0.965,0.947,0.961,386911.0,37075824.0,0.961,0.961
589630.SH,20250711,0.969,0.989,0.969,0.983,705285.0,69306432.0,0.983,0.983
589660.SH,20250711,0.97,0.988,0.969,0.984,439812.0,43056316.0,0.984,0.984
589680.SH,20250711,0.972,0.982,0.965,0.978,1331863.0,129817256.0,0.978,0.978
589700.SH,20250711,1.02,1.029,1.009,1.026,57954.0,5908903.0,1.026,1.026
589770.SH,20250711,0.972,0.987,0.97,0.983,537327.0,52688932.0,0.983,0.983
589800.SH,20250711,0.963,0.978,0.96,0.974,1335962.0,129825344.0,0.974,0.974
589860.SH,20250711,0.961,0.973,0.957,0.971,1034108.0,99934864.0,0.971,0.971
589880.SH,20250711,0.969,0.987,0.969,0.982,816301.0,80089176.0,0.982,0.982
589890.SH,20250711,0.965,0.981,0.964,0.978,233933.0,22785480.0,0.978,0.978
589900.SH,20250711,0.967,0.983,0.966,0.978,620195.0,60433588.0,0.978,0.978
589980.SH,20250711,1.026,1.047,1.026,1.043,78494.0,8174422.0,1.043,1.043
589990.SH,20250711,0.977,0.992,0.974,0.988,144358.0,14236063.0,0.988,0.988
